unit_id,kind,debut,start_at,end_at,start_after_maintenance,notice_id,notice_title,notice_published_at,label,evidence
352,recruit,1,2022-11-10T00:00:00+09:00,2022-11-24T04:59:59+09:00,1,official:a99bd917ac929a46efabf2ba0f9860c95097,11월 10일 업데이트 정기점검 안내,2022-11-09T01:00:00+09:00,모집 기간,모집 기간: 2022년 11월 10일(목) 서버 점검 종료 이후 ~ 2022년 11월 24일(목) 4:59:59
100,special,1,2022-11-24T00:00:00+09:00,2022-12-08T04:59:59+09:00,1,official:c4cf49dca0d56a41ababa27a9d22fd258933,11월 24일 업데이트 공지,2022-11-21T16:30:00+09:00,특수 모집 기간,특수 모집 기간: 2022년 11월 24일 서버 점검 종료 이후 ~ 2022년 12월 8일 4:59:59 (UTC+9)
260,special,1,2023-01-01T00:00:00+09:00,2023-01-19T04:59:59+09:00,0,official:0a4074e4ab49aa4ed6a8a6daa20612438af3,12월 29일 업데이트 공지,2022-12-26T16:00:00+09:00,특수 모집 기간,*특수 모집 기간: 2023년 1월 1일 00:00:00 ～ 2023년 1월 19일 4:59:59(UTC+9)
111,special,1,2023-01-12T00:00:00+09:00,2023-01-25T23:59:59+09:00,1,official:3d7c57e7af303a476eabfa9a70f988c3b03e,1월 12일 업데이트 공지,2023-01-09T19:00:00+09:00,특수 모집 기간,*특수 모집 기간: 2023년 1월 12일 서버 점검 종료 이후 ～ 2023년 1월 25일 23:59:59 (UTC+9)
112,special,1,2023-01-19T05:00:00+09:00,2023-01-31T23:59:59+09:00,0,official:3d7c57e7af303a476eabfa9a70f988c3b03e,1월 12일 업데이트 공지,2023-01-09T19:00:00+09:00,특수 모집 기간,*특수 모집 기간: 2023년 1월 19일 5:00:00 ~ 2023년 1월 31일 23:59:59 (UTC+9)
311,special,1,2023-02-01T00:00:00+09:00,2023-02-15T04:59:59+09:00,1,official:bb0b8e29af624a4888a990aa2b804d636268,2월 1일 업데이트 공지,2023-01-30T16:00:00+09:00,특수 모집 기간,*특수 모집 기간: 2023년 2월 1일 서버 점검 종료 이후 ～ 2023년 2월 15일 4:59:59
312,special,1,2023-02-08T05:00:00+09:00,2023-02-21T23:59:59+09:00,0,official:bb0b8e29af624a4888a990aa2b804d636268,2월 1일 업데이트 공지,2023-01-30T16:00:00+09:00,특수 모집 기간,*특수 모집 기간: 2023년 2월 8일 5:00:00 ～ 2023년 2월 21일 23:59:59(UTC+9)
800,limited,1,2023-02-22T00:00:00+09:00,2023-03-15T04:59:59+09:00,1,official:c57cbdaca9af3a48cda8676ab0ccdb9e4b5c,2월 22일 업데이트 공지,2023-02-20T19:00:00+09:00,기간 한정 모집 기간,* 기간 한정 모집 기간: 2023년 2월 22일 서버 점검 종료 이후 ~ 2023년 3월 15일 4:59:59 (UTC+9)
801,limited,1,2023-02-22T00:00:00+09:00,2023-03-15T04:59:59+09:00,1,official:c57cbdaca9af3a48cda8676ab0ccdb9e4b5c,2월 22일 업데이트 공지,2023-02-20T19:00:00+09:00,기간 한정 모집 기간,* 기간 한정 모집 기간: 2023년 2월 22일 서버 점검 종료 이후 ~ 2023년 3월 15일 4:59:59 (UTC+9)
802,event_reward,1,2023-02-22T00:00:00+09:00,2023-03-15T04:59:59+09:00,1,official:c57cbdaca9af3a48cda8676ab0ccdb9e4b5c,2월 22일 업데이트 공지,2023-02-20T19:00:00+09:00,획득 기간,획득 기간: 2023년 2월 22일 서버 점검 종료 이후 ~ 2023년 3월 15일 4:59:59 (UTC+9)
381,special,1,2023-03-15T00:00:00+09:00,2023-03-30T04:59:59+09:00,1,official:41fb4861ad518a40d2aa12bab8fd3be09e84,3월 15일 업데이트 공지,2023-03-13T01:00:00+09:00,특수 모집 기간,* 특수 모집 기간: 2023년 3월 15일 서버 점검 종료 이후 ~ 2023년 3월 30일 4:59:59 ( UTC+9)
261,introduced,1,2023-03-30T00:00:00+09:00,,1,official:203670b8a4caea4290ab584a351efde711c1,3월30일 업데이트 공지,2023-03-27T18:30:09+09:00,,1.2 SSR 캐릭터 [니힐리스타]
282,special,1,2023-03-30T00:00:00+09:00,2023-04-13T04:59:59+09:00,1,official:203670b8a4caea4290ab584a351efde711c1,3월30일 업데이트 공지,2023-03-27T18:30:09+09:00,특수 모집 기간,*특수 모집 기간: 2023년 3월 30일 서버 점검 종료 이후 ~ 2023년 4월 13일 4:59:59 (UTC+9)
040,introduced,1,2023-04-13T00:00:00+09:00,,1,official:49f26298a590ba4568aa1dba1732fc977e47,4월 13일 업데이트 공지(4/13 14시 내용 수정),2023-04-11T19:42:53+09:00,,1.1 SSR 캐릭터 [D]
040,special,1,2023-04-13T00:00:00+09:00,2023-04-27T04:59:59+09:00,1,official:49f26298a590ba4568aa1dba1732fc977e47,4월 13일 업데이트 공지(4/13 14시 내용 수정),2023-04-11T19:42:53+09:00,특수 모집 기간,* 특수 모집 기간: 2023년 4월 13일 서버 점검 종료 이후 ~ 2023년 4월 27일 4:59:59 (UTC+9)
191,special,0,2023-04-13T00:00:00+09:00,2023-04-27T04:59:59+09:00,1,official:49f26298a590ba4568aa1dba1732fc977e47,4월 13일 업데이트 공지(4/13 14시 내용 수정),2023-04-11T19:42:53+09:00,특수 모집 기간,* 특수 모집 기간: 2023년 4월 13일 서버 점검 종료 이후 ~ 2023년 4월 27일 4:59:59 (UTC+9)
233,special,1,2023-04-27T00:00:00+09:00,2023-05-18T04:59:59+09:00,1,official:ea9e0acea1741a4a52ab491aaee2e4d8e3b8,4월 27일 업데이트 공지,2023-04-25T20:31:21+09:00,특수 모집 기간,*특수 모집 기간: 2023년 4월 27일 서버 점검 종료 이후 ~ 2023년 5월 18일 4:59:59 (UTC+9)
392,introduced,1,2023-04-27T00:00:00+09:00,,1,official:ea9e0acea1741a4a52ab491aaee2e4d8e3b8,4월 27일 업데이트 공지,2023-04-25T20:31:21+09:00,,1.2 SSR 캐릭터 [라이]
270,special,1,2023-05-18T00:00:00+09:00,2023-06-01T04:59:59+09:00,1,official:6d2a5d3ea4c04a4a9fab58daa3a840285d7c,5월 18일 업데이트 공지,2023-05-15T19:55:26+09:00,특수 모집 기간,*특수 모집 기간: 2023년 5월 18일 서버 점검 종료 이후 ~ 2023년 6월 1일 4:59:59 (UTC+9)
271,special,1,2023-05-25T05:00:00+09:00,2023-06-08T04:59:59+09:00,0,official:6d2a5d3ea4c04a4a9fab58daa3a840285d7c,5월 18일 업데이트 공지,2023-05-15T19:55:26+09:00,특수 모집 기간,*특수 모집 기간: 2023년 5월 25일 5:00:00 ~ 2023년 6월 8일 4:59:59 (UTC+9)
280,special,1,2023-06-01T00:00:00+09:00,2023-06-15T04:59:59+09:00,1,official:6b114240a70f1a4ebda86c1aefe343bb2a59,6월 1일 업데이트 공지[6월 1일 15:00 업데이트],2023-05-29T17:38:39+09:00,특수 모집 기간,*특수 모집 기간: 2023년 6월 1일 서버 점검 종료 이후 ~ 2023년 6월 15일 4:59:59 (UTC+9)
132,limited,1,2023-06-15T00:00:00+09:00,2023-07-06T04:59:59+09:00,1,official:5caad71aaef71a4a28aa77ea78e78c4633f2,6월 15일 업데이트 공지(6/15 내용 변경),2023-06-12T19:32:26+09:00,기간 한정 모집 기간,*기간 한정 모집 기간: 2023년 6월 15일 서버 점검 종료 이후 ~ 2023년 7월 6일 4:59:59 (UTC+9)
014,limited,1,2023-06-22T05:00:00+09:00,2023-07-13T04:59:59+09:00,0,official:5caad71aaef71a4a28aa77ea78e78c4633f2,6월 15일 업데이트 공지(6/15 내용 변경),2023-06-12T19:32:26+09:00,기간 한정 모집 기간,*기간 한정 모집 기간: 2023년 6월 22일 5:00:00 ~ 2023년 7월 13일 4:59:59 (UTC+9)
380,special,1,2023-07-06T00:00:00+09:00,2023-07-20T04:59:59+09:00,1,official:28a9884baa793a496fa815faa015cc054b48,7월 6일 업데이트 공지(7월 6일 23:20 내용 수정),2023-07-03T18:24:23+09:00,특수 모집 기간,*특수 모집 기간: 2023년 7월 6일 서버 점검 종료 이후 ~ 2023년 7월 20일 4:59:59 (UTC+9)
350,special,1,2023-07-20T00:00:00+09:00,2023-08-03T04:59:59+09:00,1,official:2ec01cb0a4d6da4d1aa8e98a9a70923c6cc4,7월 20일 업데이트 공지(7/20 내용 업데이트),2023-07-17T18:38:22+09:00,특수 모집 기간,*특수 모집 기간: 2023년 7월 20일 서버 점검 종료 이후 ~ 2023년 8월 3일 4:59:59 (UTC+9)
015,limited,1,2023-08-03T00:00:00+09:00,2023-08-24T04:59:59+09:00,1,official:81bfbb8faaf71a49a6a8fa7a764a809866ec,8월 3일 업데이트 공지(8/8 내용 추가),2023-07-31T19:21:03+09:00,기간 한정 모집 기간,*기간 한정 모집 기간: 2023년 8월 3일 서버 점검 종료 이후 ~ 2023년 8월 24일 4:59:59 (UTC+9)
351,event_reward,1,2023-08-03T00:00:00+09:00,2023-08-24T04:59:59+09:00,1,official:81bfbb8faaf71a49a6a8fa7a764a809866ec,8월 3일 업데이트 공지(8/8 내용 추가),2023-07-31T19:21:03+09:00,획득 기간,*획득 기간: 2023년 8월 3일 서버 점검 종료 이후 ~ 2023년 8월 24일 4:59:59 (UTC+9)
353,limited,1,2023-08-10T05:00:00+09:00,2023-08-31T23:59:59+09:00,0,official:81bfbb8faaf71a49a6a8fa7a764a809866ec,8월 3일 업데이트 공지(8/8 내용 추가),2023-07-31T19:21:03+09:00,기간 한정 모집 기간,*기간 한정 모집 기간: 2023년 8월 10일 5:00:00 ~ 2023년 8월 31일 23:59:59 (UTC+9)
810,limited,1,2023-09-01T00:00:00+09:00,2023-09-28T04:59:59+09:00,1,official:19eaeaeea037ea4bb9abf41a9b9d92488597,9월 1일 업데이트 공지(9/6 업데이트),2023-08-28T17:04:08+09:00,기간 한정 모집 기간,*기간 한정 모집 기간: 2023년 9월 1일 서버 점검 종료 이후 ~ 2023년 9월 28일 4:59:59 (UTC+9)
812,event_reward,1,2023-09-01T00:00:00+09:00,2023-09-28T04:59:59+09:00,1,official:19eaeaeea037ea4bb9abf41a9b9d92488597,9월 1일 업데이트 공지(9/6 업데이트),2023-08-28T17:04:08+09:00,획득 기간,획득 기간: 2023년 9월 1일 서버 점검 종료 이후 ~ 2023년 9월 28일 4:59:59 (UTC+9)
811,limited,1,2023-09-08T05:00:00+09:00,2023-09-28T04:59:59+09:00,0,official:19eaeaeea037ea4bb9abf41a9b9d92488597,9월 1일 업데이트 공지(9/6 업데이트),2023-08-28T17:04:08+09:00,기간 한정 모집 기간,*기간 한정 모집 기간: 2023년 9월 8일 5:00:00～2023년 9월 28일 4:59:59（UTC+9）
321,special,1,2023-09-21T00:00:00+09:00,2023-10-05T04:59:59+09:00,1,official:1af1ec8fae088a42b0a9ddca4607a62008f7,9월 21일 업데이트 공지,2023-09-18T16:55:00+09:00,특수 모집 기간,*특수 모집 기간: 2023년 9월 21일 서버 점검 종료 이후 ~ 2023년 10월 5일 4:59:59 (UTC+9)
450,special,1,2023-10-05T12:00:00+09:00,2023-10-19T04:59:59+09:00,0,official:39990bc8a0122a42f8ab9aeaed08b0404504,10월 5일 신규 추가 컨텐츠 안내,2023-10-02T14:55:00+09:00,특수 모집 기간,*특수 모집 기간: 2023년 10월 5일 12:00:00 ~ 2023년 10월 19일 4:59:59 (UTC+9)
451,special,1,2023-10-12T05:00:00+09:00,2023-10-26T04:59:59+09:00,0,official:39990bc8a0122a42f8ab9aeaed08b0404504,10월 5일 신규 추가 컨텐츠 안내,2023-10-02T14:55:00+09:00,특수 모집 기간,*특수 모집 기간: 2023년 10월 12일 5:00:00 ~ 2023년 10월 26일 4:59:59 (UTC+9)
033,special,1,2023-10-19T00:00:00+09:00,2023-11-01T23:59:59+09:00,1,official:72a4a297a207fa4157a98f9a7d962fe35c7f,10월 19일 업데이트 공지,2023-10-16T15:50:00+09:00,특수 모집 기간,*특수 모집 기간: 2023년 10월 19일 서버 점검 종료 이후 ~ 2023년 11월 1일 23:59:59 (UTC+9)
224,introduced,1,2023-11-02T00:00:00+09:00,,1,official:e0018585a4c07a416aa9411a235a0290da5c,11월 2일 업데이트 공지(11/27 내용 수정),2023-10-30T19:35:01+09:00,,1.2 SSR 니케 [스노우 화이트: 이노센트 데이즈]
470,special,1,2023-11-02T00:00:00+09:00,2023-11-23T04:59:59+09:00,1,official:e0018585a4c07a416aa9411a235a0290da5c,11월 2일 업데이트 공지(11/27 내용 수정),2023-10-30T19:35:01+09:00,특수 모집 기간,*특수 모집 기간: 2023년 11월 2일 서버 점검 종료 이후 ~ 2023년 11월 23일 4:59:59 (UTC+9)
192,special,1,2023-11-23T00:00:00+09:00,2023-12-07T04:59:59+09:00,1,official:de82a829aeefba4f16aa9cfaa02effb2dda9,11월 23일 업데이트 공지(11/24 내용 추가),2023-11-20T15:54:37+09:00,특수 모집 기간,*특수 모집 기간: 2023년 11월 23일 서버 점검 종료 이후 ~ 2023년 12월 7일 4:59:59 (UTC+9)
194,limited,1,2023-12-07T00:00:00+09:00,2023-12-28T04:59:59+09:00,1,official:58221644ac180a474aa9c48a3267cb8b051a,12월 7일 업데이트 공지,2023-12-04T16:42:25+09:00,기간 한정 모집 기간,*기간 한정 모집 기간: 2023년 12월 7일 서버 점검 종료 이후 ~ 2023년 12월 28일 4:59:59 (UTC+9)
062,limited,1,2023-12-14T05:00:00+09:00,2023-12-31T23:59:59+09:00,0,official:58221644ac180a474aa9c48a3267cb8b051a,12월 7일 업데이트 공지,2023-12-04T16:42:25+09:00,기간 한정 모집 기간,*기간 한정 모집 기간: 2023년 12월 14일 5:00:00 ~ 2023년 12월 31일 23:59:59 (UTC+9)
225,special,1,2024-01-01T00:00:00+09:00,2024-01-18T04:59:59+09:00,0,official:617232e2ac963a4d5fa9ed4a860bfde78848,12월 28일 업데이트 사전 공지,2023-12-25T17:38:34+09:00,특수 모집 기간,*특수 모집 기간: 2024년 1월 1일 0:00:00 ~ 2024년 1월 18일 4:59:59 (UTC+9)
260,special,0,2024-01-01T00:00:00+09:00,2024-01-18T04:59:59+09:00,0,official:617232e2ac963a4d5fa9ed4a860bfde78848,12월 28일 업데이트 사전 공지,2023-12-25T17:38:34+09:00,특수 모집 기간,*특수 모집 기간: 2024년 1월 1일 0:00:00 ~ 2024년 1월 18일 4:59:59 (UTC+9)
382,special,1,2024-01-11T00:00:00+09:00,2024-01-25T04:59:59+09:00,1,official:71ed7110ac939a4d3aa95b6ad00a5271cfe2,1월 11일 업데이트 사전 공지,2024-01-08T15:57:26+09:00,특수 모집 기간,*특수 모집 기간: 2024년 1월 11일 서버 점검 종료 이후 ~ 2024년 1월 25일 4:59:59 (UTC+9)
281,special,1,2024-01-25T12:00:00+09:00,2024-02-08T04:59:59+09:00,0,official:808fc783a9e6da4b95a8b4ba45ee462589a8,1월 25일 신규 추가 콘텐츠 안내(1/24 수정),2024-01-22T18:56:02+09:00,특수 모집 기간,*특수 모집 기간: 2024년 1월 25일 12:00:00 ~ 2024년 2월 8일 4:59:59 (UTC+9)
313,special,1,2024-02-05T00:00:00+09:00,2024-02-22T04:59:59+09:00,1,official:bdce938da89f4a45e1ab627ae8de53a3fbe0,2월 5일 업데이트 공지,2024-02-01T16:55:00+09:00,특수 모집 기간,*특수 모집 기간: 2024년 2월 5일 서버 점검 종료 이후 ~ 2024년 2월 22일 4:59:59 (UTC+9)
310,special,1,2024-02-15T05:00:00+09:00,2024-02-29T04:59:59+09:00,0,official:bdce938da89f4a45e1ab627ae8de53a3fbe0,2월 5일 업데이트 공지,2024-02-01T16:55:00+09:00,특수 모집 기간,*특수 모집 기간: 2024년 2월 15일 5:00:00 ~ 2024년 2월 29일 4:59:59 (UTC+9)
500,special,1,2024-02-22T00:00:00+09:00,2024-03-06T23:59:59+09:00,1,official:31ea70b3af278a4f86aaa53ace45867993f3,2월 22일 업데이트 공지,2024-02-19T16:55:00+09:00,특수 모집 기간,*특수 모집 기간: 2024년 2월 22일 서버 점검 종료 이후 ~ 2024년 3월 6일 23:59:59 (UTC+9)
043,special,1,2024-03-07T00:00:00+09:00,2024-03-20T23:59:59+09:00,1,official:b2a445cca7213a4532a9543acf675324d34f,3월 7일 업데이트 공지(3/8 내용 추가),2024-03-04T18:55:00+09:00,특수 모집 기간,*특수 모집 기간: 2024년 3월 7일 서버 점검 종료 이후 ~ 2024년 3월 20일 23:59:59 (UTC+9)
821,limited,1,2024-03-21T00:00:00+09:00,2024-04-11T04:59:59+09:00,1,official:5605ded7aee3ea439ea9d90a823309f6b46e,3월 21일 업데이트 공지(4/1 내용 추가),2024-03-21T06:53:25+09:00,기간 한정 모집 기간,*기간 한정 모집 기간: 2024년 3월 21일 서버 점검 종료 이후 ~ 2024년 4월 11일 4:59:59 (UTC+9)
822,event_reward,1,2024-03-21T00:00:00+09:00,2024-04-11T04:59:59+09:00,1,official:5605ded7aee3ea439ea9d90a823309f6b46e,3월 21일 업데이트 공지(4/1 내용 추가),2024-03-21T06:53:25+09:00,획득 기간,획득 기간: 2024년 3월 21일 서버 점검 종료 이후 ~ 2024년 4월 11일 4:59:59 (UTC+9)
820,limited,1,2024-03-28T05:00:00+09:00,2024-04-11T04:59:59+09:00,0,official:5605ded7aee3ea439ea9d90a823309f6b46e,3월 21일 업데이트 공지(4/1 내용 추가),2024-03-21T06:53:25+09:00,기간 한정 모집 기간,*기간 한정 모집 기간: 2024년 3월 28일 5:00:00 ~ 2024년 4월 11일 4:59:59 (UTC+9)
550,special,1,2024-04-11T00:00:00+09:00,2024-04-24T23:59:59+09:00,1,official:d29c352aa92f4a4da7aae2da1e315712f640,4월 11일 업데이트 공지,2024-04-11T17:51:00+09:00,특수 모집 기간,*특수 모집 기간: 2024년 4월 11일 서버 점검 종료 이후 ~ 2024년 4월 24일 23:59:59 (UTC+9)
330,special,1,2024-04-25T00:00:00+09:00,2024-05-16T04:59:59+09:00,1,official:4416fa63a8e43a497fab52cad70e488dc20d,4월 25일 업데이트 공지,2024-04-25T06:55:00+09:00,특수 모집 기간,*특수 모집 기간: 2024년 4월 25일 서버 점검 종료 이후 ~ 2024년 5월 16일 4:59:59 (UTC+9)
361,introduced,1,2024-04-25T00:00:00+09:00,,1,official:4416fa63a8e43a497fab52cad70e488dc20d,4월 25일 업데이트 공지,2024-04-25T06:55:00+09:00,,1.2 SSR 니케 [킬로]
501,special,1,2024-05-16T00:00:00+09:00,2024-05-30T04:59:59+09:00,1,official:24ccc9b8aaac6a4b6baab20a2dfb812ff1a3,5월 16일 업데이트 공지(5/17 내용 추가),2024-05-16T14:55:00+09:00,특수 모집 기간,*특수 모집 기간: 2024년 5월 16일 서버 점검 종료 이후 ~ 2024년 5월 30일 4:59:59 (UTC+9)
314,special,1,2024-05-30T00:00:00+09:00,2024-06-20T04:59:59+09:00,1,official:1d99bc12a357ca470da83eda74655bb1fb27,5월 30일 업데이트 공지(6/3 내용 추가),2024-05-30T19:03:57+09:00,특수 모집 기간,*특수 모집 기간: 2024년 5월 30일 서버 점검 종료 이후 ~ 2024년 6월 20일 4:59:59 (UTC+9)
195,special,1,2024-06-06T05:00:00+09:00,2024-06-27T04:59:59+09:00,0,official:1d99bc12a357ca470da83eda74655bb1fb27,5월 30일 업데이트 공지(6/3 내용 추가),2024-05-30T19:03:57+09:00,특수 모집 기간,*특수 모집 기간: 2024년 6월 6일 5:00:00 ~ 2024년 6월 27일 4:59:59 (UTC+9)
551,special,1,2024-06-20T00:00:00+09:00,2024-07-03T23:59:59+09:00,1,official:52797ae2a52e1a45a8abd16a31be257db5f5,6월 20일 업데이트 공지,2024-06-20T14:57:57+09:00,특수 모집 기간,*특수 모집 기간: 2024년 6월 20일 서버 점검 종료 이후 ~ 2024년 7월 3일 23:59:59 (UTC+9)
014,limited,1,2024-07-04T00:00:00+09:00,2024-07-25T04:59:59+09:00,1,official:294ad293a4ab6a4bf9aa8baa2bcfaa8dbf5e,7월 4일 업데이트 공지,2024-07-04T06:54:47+09:00,기간 한정 모집 기간,*기간 한정 모집 기간:2024년 7월 4일 서버 점검 종료 이후 ~ 2024년 7월 25일 4:59:59 (UTC+9)
015,introduced,1,2024-07-04T00:00:00+09:00,,1,official:294ad293a4ab6a4bf9aa8baa2bcfaa8dbf5e,7월 4일 업데이트 공지,2024-07-04T06:54:47+09:00,,"1.5 [아니스 : 스파클링 서머], [헬름 : 아쿠아마린]은 7월 하순에 재등장 할 예정입니다. 추후 소식은 공식 플랫폼의 공지사항을 통해 확인해 주시기 바랍니다."
132,limited,1,2024-07-04T00:00:00+09:00,2024-07-25T04:59:59+09:00,1,official:294ad293a4ab6a4bf9aa8baa2bcfaa8dbf5e,7월 4일 업데이트 공지,2024-07-04T06:54:47+09:00,기간 한정 모집 기간,*기간 한정 모집 기간: 2024년 7월 4일 서버 점검 종료 이후 ~ 2024년 7월 25일 4:59:59 (UTC+9)
284,limited,1,2024-07-04T00:00:00+09:00,2024-07-25T04:59:59+09:00,1,official:294ad293a4ab6a4bf9aa8baa2bcfaa8dbf5e,7월 4일 업데이트 공지,2024-07-04T06:54:47+09:00,기간 한정 모집 기간,*기간 한정 모집 기간: 2024년 7월 4일 서버 점검 종료 이후 ~ 2024년 7월 25일 4:59:59 (UTC+9)
283,limited,1,2024-07-11T05:00:00+09:00,2024-08-01T04:59:59+09:00,0,official:294ad293a4ab6a4bf9aa8baa2bcfaa8dbf5e,7월 4일 업데이트 공지,2024-07-04T06:54:47+09:00,기간 한정 모집 기간,*기간 한정 모집 기간: 2024년 7월 11일 5:00:00 ~ 2024년 8월 1일 4:59:59 (UTC+9)
015,limited,1,2024-07-25T00:00:00+09:00,2024-08-15T04:59:59+09:00,1,official:609dc42cabae4a48d3a9977add79c761103e,7월 25일 업데이트 공지(8/1 내용 추가),2024-07-22T18:00:00+09:00,기간 한정 모집 기간,*기간 한정 모집 기간: 2024년 7월 25일 서버 점검 종료 이후 ~ 2024년 8월 15일4:59:59 (UTC+9)
353,limited,1,2024-07-25T00:00:00+09:00,2024-08-15T04:59:59+09:00,1,official:609dc42cabae4a48d3a9977add79c761103e,7월 25일 업데이트 공지(8/1 내용 추가),2024-07-22T18:00:00+09:00,기간 한정 모집 기간,*기간 한정 모집 기간: 2024년 7월 25일 서버 점검 종료 이후 ~ 2024년 8월 15일4:59:59 (UTC+9)
391,special,1,2024-07-25T00:00:00+09:00,2024-08-08T04:59:59+09:00,1,official:609dc42cabae4a48d3a9977add79c761103e,7월 25일 업데이트 공지(8/1 내용 추가),2024-07-22T18:00:00+09:00,특수 모집 기간,*특수 모집 기간: 2024년 7월 25일 서버 점검 종료 이후 ~ 2024년 8월 8일 4:59:59 (UTC+9)
390,special,1,2024-08-08T00:00:00+09:00,2024-08-21T23:59:59+09:00,1,official:edad1e83afba6a4a32a9088a08b58f03f587,8월 8일 업데이트 공지,2024-08-05T17:30:04+09:00,특수 모집 기간,*특수 모집 기간: 2024년 8월 8일 서버 점검 종료 이후~ 2024년 8월 21일 23:59:59 (UTC+9)
830,limited,1,2024-08-22T00:00:00+09:00,2024-09-19T04:59:59+09:00,1,official:6887504fa1db3a4f56a8060a7d733ae1311f,8월 22일 업데이트 공지(8/30 내용 추가),2024-08-22T06:57:15+09:00,기간 한정 모집 기간,*기간 한정 모집 기간: 2024년 8월 22일 서버 점검 종료 이후 ~ 2024년 9월 19일 4:59:59 (UTC+9)
833,event_reward,1,2024-08-22T00:00:00+09:00,2024-09-19T04:59:59+09:00,1,official:6887504fa1db3a4f56a8060a7d733ae1311f,8월 22일 업데이트 공지(8/30 내용 추가),2024-08-22T06:57:15+09:00,획득 기간,획득 기간: 2024년 8월22일 서버 점검 종료 이후 ~ 2024년 9월 19일 4:59:59 (UTC+9)
831,limited,1,2024-08-29T05:00:00+09:00,2024-09-19T04:59:59+09:00,0,official:6887504fa1db3a4f56a8060a7d733ae1311f,8월 22일 업데이트 공지(8/30 내용 추가),2024-08-22T06:57:15+09:00,기간 한정 모집 기간,*기간 한정 모집 기간: 2024년 8월 29일 5:00:00 ~ 2024년 9월 19일 4:59:59 (UTC+9)
832,limited,1,2024-09-05T05:00:00+09:00,2024-09-19T04:59:59+09:00,0,official:6887504fa1db3a4f56a8060a7d733ae1311f,8월 22일 업데이트 공지(8/30 내용 추가),2024-08-22T06:57:15+09:00,기간 한정 모집 기간,*기간 한정 모집 기간: 2024년 9월 5일 5:00:00 ~ 2024년 9월 19일 4:59:59 (UTC+9)
272,special,1,2024-09-19T00:00:00+09:00,2024-10-03T04:59:59+09:00,1,official:30020eb2a9811a480fa9dc3acd89190f89b8,9월 19일 업데이트 공지(9/23 내용 추가),2024-09-16T17:00:00+09:00,특수 모집 기간,*특수 모집 기간: 2024년 9월 19일 서버 점검 종료 이후 ~ 2024년 10월 3일 4:59:59 (UTC+9)
403,special,1,2024-10-03T12:00:00+09:00,2024-10-17T04:59:59+09:00,0,official:ca1fa17eab7e5a485fa952bacb73fce5a6f0,10월 3일 신규 추가 콘텐츠 안내,2024-10-01T13:25:45+09:00,특수 모집 기간,*특수 모집 기간: 2024년 10월 3일 12:00:00 ~ 2024년 10월 17일 4:59:59 (UTC+9)
580,special,1,2024-10-10T05:00:00+09:00,2024-10-24T04:59:59+09:00,0,official:ca1fa17eab7e5a485fa952bacb73fce5a6f0,10월 3일 신규 추가 콘텐츠 안내,2024-10-01T13:25:45+09:00,특수 모집 기간,*특수 모집 기간: 2024년 10월 10일 5:00:00 ~ 2024년 10월 24일 4:59:59 (UTC+9)
240,special,1,2024-10-17T00:00:00+09:00,2024-10-30T23:59:59+09:00,1,official:700e8e3ca6ebaa4cbcab1f2a1d217cd0c2c0,10월 17일 업데이트 공지,2024-10-14T19:00:00+09:00,특수 모집 기간,*특수 모집 기간: 2024년 10월 17일 서버 점검 종료 이후 ~ 2024년 10월 30일 23:59:59 (UTC+9)
226,event_reward,1,2024-10-31T00:00:00+09:00,2024-11-21T04:59:59+09:00,1,official:80afaa1baf61ea487baaed1a88776bbb30f9,10월 31일 업데이트 공지(10월 31일 공지 수정),2024-10-31T07:00:00+09:00,획득 기간,획득 기간: 2024년 10월 31일 서버 점검 종료 이후 ~ 2024년 11월 21일 4:59:59 (UTC+9)
511,special,1,2024-10-31T00:00:00+09:00,2024-11-21T04:59:59+09:00,1,official:80afaa1baf61ea487baaed1a88776bbb30f9,10월 31일 업데이트 공지(10월 31일 공지 수정),2024-10-31T07:00:00+09:00,특수 모집 기간,*특수 모집 기간: 2024년 10월 31일 서버 점검 종료 이후 ~ 2024년 11월 21일 4:59:59 (UTC+9)
514,special,1,2024-11-07T05:00:00+09:00,2024-11-28T04:59:59+09:00,0,official:80afaa1baf61ea487baaed1a88776bbb30f9,10월 31일 업데이트 공지(10월 31일 공지 수정),2024-10-31T07:00:00+09:00,특수 모집 기간,*특수 모집 기간: 2024년 11월 7일 5:00:00 ~ 2024년 11월 28일 4:59:59 (UTC+9)
411,special,1,2024-11-21T00:00:00+09:00,2024-12-05T04:59:59+09:00,1,official:dc1fb4e1a8cc7a40a1a94f3a205b06042222,11월 21일 업데이트 공지,2024-11-18T17:06:34+09:00,특수 모집 기간,*특수 모집 기간: 2024년 11월 21일 서버 점검 종료 이후 ~ 2024년 12월 5일 4:59:59 (UTC+9)
062,limited,1,2024-12-05T00:00:00+09:00,2024-12-26T04:59:59+09:00,1,official:a5756065aaf44a4857aa7dbaa9d1d09062a0,12월 5일 업데이트 공지,2024-12-02T18:40:15+09:00,기간 한정 모집 기간,*기간 한정 모집 기간: 2024년 12월 5일 서버 점검 종료 이후 ~ 2024년 12월 26일 4:59:59 (UTC+9)
183,limited,1,2024-12-05T00:00:00+09:00,2024-12-26T04:59:59+09:00,1,official:a5756065aaf44a4857aa7dbaa9d1d09062a0,12월 5일 업데이트 공지,2024-12-02T18:40:15+09:00,기간 한정 모집 기간,*기간 한정 모집 기간: 2024년 12월 5일 서버 점검 종료 이후 ~ 2024년 12월 26일 4:59:59 (UTC+9)
194,limited,1,2024-12-05T00:00:00+09:00,2024-12-26T04:59:59+09:00,1,official:a5756065aaf44a4857aa7dbaa9d1d09062a0,12월 5일 업데이트 공지,2024-12-02T18:40:15+09:00,기간 한정 모집 기간,*기간 한정 모집 기간: 2024년 12월 5일 서버 점검 종료 이후 ~ 2024년 12월 26일 4:59:59 (UTC+9)
182,limited,1,2024-12-12T05:00:00+09:00,2024-12-31T23:59:59+09:00,0,official:a5756065aaf44a4857aa7dbaa9d1d09062a0,12월 5일 업데이트 공지,2024-12-02T18:40:15+09:00,기간 한정 모집 기간,*기간 한정 모집 기간: 2024년 12월 12일 5:00:00 ~ 2024년 12월 31일 23:59:59 (UTC+9)
016,special,1,2025-01-01T00:00:00+09:00,2025-01-23T04:59:59+09:00,0,official:2f124073acac3a4a8ba8f74a16075ccbe41e,12월 26일 업데이트 공지,2024-12-24T16:30:00+09:00,특수 모집 기간,*특수 모집 기간: 2025년 1월 1일 0:00:00 ~ 2025년 1월 23일 4:59:59 (UTC+9)
225,special,0,2025-01-01T00:00:00+09:00,2025-01-23T04:59:59+09:00,0,official:2f124073acac3a4a8ba8f74a16075ccbe41e,12월 26일 업데이트 공지,2024-12-24T16:30:00+09:00,특수 모집 기간,*특수 모집 기간: 2025년 1월 1일 0:00:00 ~ 2025년 1월 23일 4:59:59 (UTC+9)
290,special,1,2025-01-16T00:00:00+09:00,2025-01-30T04:59:59+09:00,1,official:eedcb138a33ada4acaab6dba41b905c9ecce,1월 16일 업데이트 공지,2025-01-13T17:30:00+09:00,특수 모집 기간,*특수 모집 기간: 2025년 1월 16일 서버 점검 종료 이후 ~ 2025년 1월 30일 4:59:59 (UTC+9)
354,special,1,2025-01-30T12:00:00+09:00,2025-02-19T23:59:59+09:00,0,official:c32f2603a9cfda4410aaa90ac11019ac5f0a,1월 23일 업데이트 공지(1/24 내용 수정),2025-01-21T18:02:00+09:00,특수 모집 기간,*특수 모집 기간: 2025년 1월 30일 12:00:00 ~ 2025년 2월 19일 23:59:59 (UTC+9)
355,special,1,2025-02-06T05:00:00+09:00,2025-02-27T04:59:59+09:00,0,official:c32f2603a9cfda4410aaa90ac11019ac5f0a,1월 23일 업데이트 공지(1/24 내용 수정),2025-01-21T18:02:00+09:00,특수 모집 기간,*특수 모집 기간: 2025년 2월 6일 5:00:00 ~ 2025년 2월 27일 4:59:59 (UTC+9)
830,limited,0,2025-02-20T00:00:00+09:00,2025-03-13T04:59:59+09:00,1,official:4f3eb89fabf3ea4406a9e87a83a69a3bd5ab,2월 20일 업데이트 공지,2025-02-20T09:09:44+09:00,기간 한정 모집 기간,*기간 한정 모집 기간: 2025년 2월 20일 서버 점검 종료 이후 ~ 2025년 3월 13일 4:59:59 (UTC+9)
835,limited,1,2025-02-20T00:00:00+09:00,2025-03-13T04:59:59+09:00,1,official:4f3eb89fabf3ea4406a9e87a83a69a3bd5ab,2월 20일 업데이트 공지,2025-02-20T09:09:44+09:00,기간 한정 모집 기간,*기간 한정 모집 기간: 2025년 2월 20일 서버 점검 종료 이후 ~ 2025년 3월 13일 4:59:59 (UTC+9)
836,event_reward,1,2025-02-20T00:00:00+09:00,2025-03-13T04:59:59+09:00,1,official:4f3eb89fabf3ea4406a9e87a83a69a3bd5ab,2월 20일 업데이트 공지,2025-02-20T09:09:44+09:00,획득 기간,획득 기간: 2025년 2월 20일 서버 점검 종료 이후 ~ 2025년 3월 13일 4:59:59 (UTC+9)
831,limited,0,2025-02-27T05:00:00+09:00,2025-03-13T04:59:59+09:00,0,official:4f3eb89fabf3ea4406a9e87a83a69a3bd5ab,2월 20일 업데이트 공지,2025-02-20T09:09:44+09:00,기간 한정 모집 기간,*기간 한정 모집 기간: 2025년 2월 27일 5:00:00 ~ 2025년 3월 13일 4:59:59 (UTC+9)
832,limited,0,2025-02-27T05:00:00+09:00,2025-03-13T04:59:59+09:00,0,official:4f3eb89fabf3ea4406a9e87a83a69a3bd5ab,2월 20일 업데이트 공지,2025-02-20T09:09:44+09:00,기간 한정 모집 기간,*기간 한정 모집 기간: 2025년 2월 27일 5:00:00 ~ 2025년 3월 13일 4:59:59 (UTC+9)
834,limited,1,2025-02-27T05:00:00+09:00,2025-03-13T04:59:59+09:00,0,official:4f3eb89fabf3ea4406a9e87a83a69a3bd5ab,2월 20일 업데이트 공지,2025-02-20T09:09:44+09:00,기간 한정 모집 기간,*기간 한정 모집 기간: 2025년 2월 27일 5:00:00 ~ 2025년 3월 13일 4:59:59 (UTC+9)
412,special,1,2025-03-13T00:00:00+09:00,2025-03-27T04:59:59+09:00,1,official:63f930eea3380a494aaa482ae8488c57f3ac,3월 13일 업데이트 공지,2025-03-10T17:07:36+09:00,특수 모집 기간,*특수 모집 기간: 2025년 3월 13일 서버 점검 종료 이후 ~ 2025년 3월 27일 4:59:59 (UTC+9)
520,special,1,2025-03-27T00:00:00+09:00,2025-04-10T04:59:59+09:00,1,official:1e8c3109ae3f7a489aa9bc5afae3a49d276e,3월 27일 업데이트 공지 (3월 31일 공지 수정),2025-03-24T17:01:00+09:00,특수 모집 기간,*특수 모집 기간: 2025년 3월 27일 서버 점검 종료 이후 ~ 2025년 4월 10일 4:59:59 (UTC+9)
521,special,1,2025-04-10T00:00:00+09:00,2025-04-23T23:59:59+09:00,1,official:717943b8a9407a4847ab617add0fea8869dc,4월 10일 업데이트 공지 (4월 14일 수정),2025-04-07T17:01:16+09:00,특수 모집 기간,*특수 모집 기간: 2025년 4월 10일 서버 점검 종료 이후 ~ 2025년 4월 23일 23:59:59 (UTC+9)
513,special,1,2025-04-24T00:00:00+09:00,2025-05-15T04:59:59+09:00,1,official:7c721e45a7dd0a493fa920dafc48037b2cb3,4월 24일 업데이트 공지,2025-04-21T19:00:00+09:00,특수 모집 기간,*특수 모집 기간: 2025년 4월 24일 서버 점검 종료 이후 ~ 2025년 5월 15일 4:59:59 (UTC+9)
590,event_reward,1,2025-04-24T00:00:00+09:00,2025-05-15T04:59:59+09:00,1,official:7c721e45a7dd0a493fa920dafc48037b2cb3,4월 24일 업데이트 공지,2025-04-21T19:00:00+09:00,획득 기간,획득 기간: 2025년 4월 24일 서버 점검 종료 이후 ~ 2025년 5월 15일 4:59:59 (UTC+9)
162,special,1,2025-05-01T05:00:00+09:00,2025-05-22T04:59:59+09:00,0,official:7c721e45a7dd0a493fa920dafc48037b2cb3,4월 24일 업데이트 공지,2025-04-21T19:00:00+09:00,특수 모집 기간,*특수 모집 기간: 2025년 5월 1일 5:00:00 ~ 2025년 5월 22일 4:59:59 (UTC+9)
581,special,1,2025-05-15T00:00:00+09:00,2025-05-29T04:59:59+09:00,1,official:ab620864a6ee2a4cc9aacd4aeb258bf27ae4,5월 15일 업데이트 공지,2025-05-12T17:37:38+09:00,특수 모집 기간,*특수 모집 기간: 2025년 5월 15일 서버 점검 종료 이후 ~ 2025년 5월 29일 4:59:59 (UTC+9)
041,special,1,2025-05-29T00:00:00+09:00,2025-06-11T23:59:59+09:00,1,official:1c3775d0a3ef7a43c4a8e00af22e5e57d6e5,5월 29일 업데이트 공지,2025-05-26T17:00:00+09:00,특수 모집 기간,*특수 모집 기간: 2025년 5월 29일 서버 점검 종료 이후 ~ 2025년 6월 11일 23:59:59 (UTC+9)
850,limited,1,2025-06-12T00:00:00+09:00,2025-07-10T04:59:59+09:00,1,official:07f3b6daa46f1a4c25aa04aafc00a7bd88d6,7월 3일 업데이트 공지 (7월 3일 공지 수정),2025-06-30T18:52:50+09:00,변경 한정 모집 기간,변경 한정 모집 기간: 2025년 6월 12일 서버 점검 종료 이후 ~ 2025년 7월 10일 4:59:59 (UTC+9)
852,event_reward,1,2025-06-12T00:00:00+09:00,2025-07-03T04:59:59+09:00,1,official:0f766029a6a7da44dda8a83a6d6898729154,6월 12일 업데이트 공지,2025-06-09T18:00:00+09:00,획득 기간,획득 기간: 2025년 6월 12일 서버 점검 종료 이후 ~ 2025년 7월 3일 4:59:59 (UTC+9)
851,limited,1,2025-06-19T05:00:00+09:00,2025-07-10T04:59:59+09:00,0,official:0f766029a6a7da44dda8a83a6d6898729154,6월 12일 업데이트 공지,2025-06-09T18:00:00+09:00,기간 한정 모집 기간,*기간 한정 모집 기간: 2025년 6월 19일 5:00:00 ~ 2025년 7월 10일 4:59:59 (UTC+9)
850,introduced,1,2025-07-01T00:00:00+09:00,,1,official:30232534a79dea4c9ca8d06a8a975b35b593,7월 1일 업데이트 공지,2025-07-01T13:25:44+09:00,,"1. SSR 캐릭터 [이브] 한정 모집 기간이 연장 됨에 따라 마일리지 상점의 이브 판매 기간, 임시 합류 기간이 연장 됩니다."
532,special,1,2025-07-03T00:00:00+09:00,2025-07-17T04:59:59+09:00,1,official:07f3b6daa46f1a4c25aa04aafc00a7bd88d6,7월 3일 업데이트 공지 (7월 3일 공지 수정),2025-06-30T18:52:50+09:00,특수 모집 기간,*특수 모집 기간: 2025년 7월 3일 서버 점검 종료 이후 ~ 2025년 7월 17일 4:59:59 (UTC+9)
810,limited,0,2025-07-03T00:00:00+09:00,2025-07-31T04:59:59+09:00,1,official:07f3b6daa46f1a4c25aa04aafc00a7bd88d6,7월 3일 업데이트 공지 (7월 3일 공지 수정),2025-06-30T18:52:50+09:00,기간 한정 모집 기간,*기간 한정 모집 기간: 2025년 7월 3일 서버 점검 종료 이후 ~ 2025년 7월 31일 4:59:59 (UTC+9)
812,event_reward,0,2025-07-03T00:00:00+09:00,2025-07-31T04:59:59+09:00,1,official:07f3b6daa46f1a4c25aa04aafc00a7bd88d6,7월 3일 업데이트 공지 (7월 3일 공지 수정),2025-06-30T18:52:50+09:00,획득 기간,획득 기간: 2025년 7월 3일 서버 점검 종료 이후 ~ 2025년 7월 31일 4:59:59 (UTC+9)
811,limited,0,2025-07-10T05:00:00+09:00,2025-07-31T04:59:59+09:00,0,official:07f3b6daa46f1a4c25aa04aafc00a7bd88d6,7월 3일 업데이트 공지 (7월 3일 공지 수정),2025-06-30T18:52:50+09:00,기간 한정 모집 기간,*기간 한정 모집 기간: 2025년 7월 10일 5:00:00 ~ 2025년 7월 31일 4:59:59 (UTC+9)
234,limited,1,2025-07-17T00:00:00+09:00,2025-08-07T04:59:59+09:00,1,official:e2e44a7fa2826a40cea953ea69d7d50798b4,7월 17일 업데이트 공지,2025-07-14T17:34:22+09:00,기간 한정 모집 기간,*기간 한정 모집 기간: 2025년 7월 17일 서버 점검 종료 이후 ~ 2025년 8월 7일 4:59:59 (UTC+9)
284,limited,0,2025-07-24T05:00:00+09:00,2025-08-14T04:59:59+09:00,0,official:e2e44a7fa2826a40cea953ea69d7d50798b4,7월 17일 업데이트 공지,2025-07-14T17:34:22+09:00,기간 한정 모집 기간,*기간 한정 모집 기간: 2025년 7월 24일 5:00:00 ~ 2025년 8월 14일 4:59:59 (UTC+9)
502,limited,1,2025-07-24T05:00:00+09:00,2025-08-14T04:59:59+09:00,0,official:e2e44a7fa2826a40cea953ea69d7d50798b4,7월 17일 업데이트 공지,2025-07-14T17:34:22+09:00,기간 한정 모집 기간,*기간 한정 모집 기간: 2025년 7월 24일 5:00:00 ~ 2025년 8월 14일 4:59:59 (UTC+9)
283,limited,0,2025-07-31T05:00:00+09:00,2025-08-21T04:59:59+09:00,0,official:e2e44a7fa2826a40cea953ea69d7d50798b4,7월 17일 업데이트 공지,2025-07-14T17:34:22+09:00,기간 한정 모집 기간,*기간 한정 모집 기간: 2025년 7월 31일 5:00:00 ~ 2025년 8월 21일 4:59:59 (UTC+9)
093,special,1,2025-08-07T00:00:00+09:00,2025-09-04T04:59:59+09:00,1,official:3f10ea29a2a50a49f4abb6aa87250731cd73,8월 7일 업데이트 공지,2025-08-04T17:57:34+09:00,특수 모집 기간,*특수 모집 기간: 2025년 8월 7일 서버 점검 종료 이후 ~ 2025년 9월 4일 4:59:59 (UTC+9)
095,special,1,2025-08-14T05:00:00+09:00,2025-09-04T04:59:59+09:00,0,official:3f10ea29a2a50a49f4abb6aa87250731cd73,8월 7일 업데이트 공지,2025-08-04T17:57:34+09:00,특수 모집 기간,*특수 모집 기간: 2025년 8월 14일 5:00:00 ~ 2025년 9월 4일 4:59:59 (UTC+9)
094,special,1,2025-08-21T05:00:00+09:00,2025-09-11T04:59:59+09:00,0,official:3f10ea29a2a50a49f4abb6aa87250731cd73,8월 7일 업데이트 공지,2025-08-04T17:57:34+09:00,특수 모집 기간,*특수 모집 기간: 2025년 8월 21일 5:00:00 ~ 2025년 9월 11일 4:59:59 (UTC+9)
014,limited_selection,0,2025-09-04T00:00:00+09:00,2025-09-23T23:59:59+09:00,1,official:078bf3dfa8a30a43d0aa200adcce2633a1b0,9월 4일 업데이트 공지,2025-09-01T17:33:31+09:00,기간 한정 선택 모집 기간,*기간 한정 선택 모집 기간: 2025년 9월 4일 서버 점검 종료 이후 ~ 2025년 9월 23일 23:59:59 (UTC+9)
015,limited_selection,0,2025-09-04T00:00:00+09:00,2025-09-23T23:59:59+09:00,1,official:078bf3dfa8a30a43d0aa200adcce2633a1b0,9월 4일 업데이트 공지,2025-09-01T17:33:31+09:00,기간 한정 선택 모집 기간,*기간 한정 선택 모집 기간: 2025년 9월 4일 서버 점검 종료 이후 ~ 2025년 9월 23일 23:59:59 (UTC+9)
121,limited_selection,0,2025-09-04T00:00:00+09:00,2025-09-23T23:59:59+09:00,1,official:078bf3dfa8a30a43d0aa200adcce2633a1b0,9월 4일 업데이트 공지,2025-09-01T17:33:31+09:00,기간 한정 선택 모집 기간,*기간 한정 선택 모집 기간: 2025년 9월 4일 서버 점검 종료 이후 ~ 2025년 9월 23일 23:59:59 (UTC+9)
132,limited_selection,0,2025-09-04T00:00:00+09:00,2025-09-23T23:59:59+09:00,1,official:078bf3dfa8a30a43d0aa200adcce2633a1b0,9월 4일 업데이트 공지,2025-09-01T17:33:31+09:00,기간 한정 선택 모집 기간,*기간 한정 선택 모집 기간: 2025년 9월 4일 서버 점검 종료 이후 ~ 2025년 9월 23일 23:59:59 (UTC+9)
203,limited_selection,0,2025-09-04T00:00:00+09:00,2025-09-23T23:59:59+09:00,1,official:078bf3dfa8a30a43d0aa200adcce2633a1b0,9월 4일 업데이트 공지,2025-09-01T17:33:31+09:00,기간 한정 선택 모집 기간,*기간 한정 선택 모집 기간: 2025년 9월 4일 서버 점검 종료 이후 ~ 2025년 9월 23일 23:59:59 (UTC+9)
315,special,1,2025-09-04T00:00:00+09:00,2025-09-23T23:59:59+09:00,1,official:078bf3dfa8a30a43d0aa200adcce2633a1b0,9월 4일 업데이트 공지,2025-09-01T17:33:31+09:00,특수 모집 기간,*특수 모집 기간: 2025년 9월 4일 서버 점검 종료 이후 ~ 2025년 9월 23일 23:59:59 (UTC+9)
353,limited_selection,0,2025-09-04T00:00:00+09:00,2025-09-23T23:59:59+09:00,1,official:078bf3dfa8a30a43d0aa200adcce2633a1b0,9월 4일 업데이트 공지,2025-09-01T17:33:31+09:00,기간 한정 선택 모집 기간,*기간 한정 선택 모집 기간: 2025년 9월 4일 서버 점검 종료 이후 ~ 2025년 9월 23일 23:59:59 (UTC+9)
143,special,1,2025-09-11T05:00:00+09:00,2025-10-02T04:59:59+09:00,0,official:078bf3dfa8a30a43d0aa200adcce2633a1b0,9월 4일 업데이트 공지,2025-09-01T17:33:31+09:00,특수 모집 기간,*특수 모집 기간: 2025년 9월 11일 5:00:00 ~ 2025년 10월 2일 4:59:59 (UTC+9)
840,limited,1,2025-09-24T00:00:00+09:00,2025-10-21T23:59:59+09:00,1,official:23d41d37ad8aca45f3aabc8aaf06772b67bc,9월 24일 업데이트 공지,2025-09-24T10:30:50+09:00,기간 한정 모집 기간,*기간 한정 모집 기간: 2025년 9월 24일 서버 점검 종료 이후 ~ 2025년 10월 21일 23:59:59 (UTC+9)
842,event_reward,1,2025-09-24T00:00:00+09:00,2025-10-21T23:59:59+09:00,1,official:23d41d37ad8aca45f3aabc8aaf06772b67bc,9월 24일 업데이트 공지,2025-09-24T10:30:50+09:00,획득 기간,획득 기간: 2025년 9월 24일 서버 점검 종료 이후 ~ 2025년 10월 21일 23:59:59 (UTC+9)
841,limited,1,2025-10-02T05:00:00+09:00,2025-10-21T23:59:59+09:00,0,official:23d41d37ad8aca45f3aabc8aaf06772b67bc,9월 24일 업데이트 공지,2025-09-24T10:30:50+09:00,기간 한정 모집 기간,*기간 한정 모집 기간: 2025년 10월 2일 5:00:00 ~ 2025년 10월 21일 23:59:59 (UTC+9)
023,special,1,2025-10-16T00:00:00+09:00,2025-10-29T23:59:59+09:00,1,official:555a40b5aeb16a409fab8c0ab12bbe7e0c8a,10월 16일 업데이트 공지,2025-10-13T18:00:58+09:00,특수 모집 기간,*특수 모집 기간: 2025년 10월 16일 서버 점검 종료 이후 ~ 2025년 10월 29일 23:59:59 (UTC+9)
223,special,1,2025-10-30T00:00:00+09:00,2025-11-20T04:59:59+09:00,1,official:c286e420af258a4705aa2eeaf6a46c9a46f7,10월 30일 업데이트 공지,2025-10-27T17:07:14+09:00,특수 모집 기간,*특수 모집 기간: 2025년 10월 30일 서버 점검 종료 이후 ~ 2025년 11월 20일 4:59:59 (UTC+9)
233,limited_selection,0,2025-10-30T00:00:00+09:00,2025-11-20T04:59:59+09:00,1,official:c286e420af258a4705aa2eeaf6a46c9a46f7,10월 30일 업데이트 공지,2025-10-27T17:07:14+09:00,필그림 선택 모집 기간,*필그림 선택 모집 기간: 2025년 10월 30일 서버 점검 종료 이후 ~ 2025년 11월 20일 4:59:59 (UTC+9)
260,limited_selection,0,2025-10-30T00:00:00+09:00,2025-11-20T04:59:59+09:00,1,official:c286e420af258a4705aa2eeaf6a46c9a46f7,10월 30일 업데이트 공지,2025-10-27T17:07:14+09:00,필그림 선택 모집 기간,*필그림 선택 모집 기간: 2025년 10월 30일 서버 점검 종료 이후 ~ 2025년 11월 20일 4:59:59 (UTC+9)
331,event_reward,1,2025-10-30T00:00:00+09:00,2025-11-20T04:59:59+09:00,1,official:c286e420af258a4705aa2eeaf6a46c9a46f7,10월 30일 업데이트 공지,2025-10-27T17:07:14+09:00,획득 기간,*획득 기간: 2025년 10월 30일 서버 점검 종료 이후 ~ 2025년 11월 20일 4:59:59 (UTC+9)
470,limited_selection,0,2025-10-30T00:00:00+09:00,2025-11-20T04:59:59+09:00,1,official:c286e420af258a4705aa2eeaf6a46c9a46f7,10월 30일 업데이트 공지,2025-10-27T17:07:14+09:00,필그림 선택 모집 기간,*필그림 선택 모집 기간: 2025년 10월 30일 서버 점검 종료 이후 ~ 2025년 11월 20일 4:59:59 (UTC+9)
262,special,1,2025-11-06T05:00:00+09:00,2025-11-27T04:59:59+09:00,0,official:c286e420af258a4705aa2eeaf6a46c9a46f7,10월 30일 업데이트 공지,2025-10-27T17:07:14+09:00,특수 모집 기간,*특수 모집 기간: 2025년 11월 6일 5:00:00 ~ 2025년 11월 27일 4:59:59 (UTC+9)
074,special,1,2025-11-20T00:00:00+09:00,2025-12-04T04:59:59+09:00,1,official:66c30e43a939ba4b95a9489aa2abde60a079,11월 20일 업데이트 공지,2025-11-17T17:42:37+09:00,특수 모집 기간,*특수 모집 기간: 2025년 11월 20일 서버 점검 종료 이후 ~ 2025년 12월 4일 4:59:59 (UTC+9)
075,limited,1,2025-12-04T00:00:00+09:00,2025-12-25T04:59:59+09:00,1,official:46bb619aa85c7a4112aadc0a428a23412af6,12월 4일 업데이트 공지,2025-12-01T17:00:00+09:00,기간 한정 모집 기간,*기간 한정 모집 기간: 2025년 12월 4일 서버 점검 종료 이후 ~ 2025년 12월 25일 4:59:59 (UTC+9)
182,limited,0,2025-12-04T00:00:00+09:00,2025-12-25T04:59:59+09:00,1,official:46bb619aa85c7a4112aadc0a428a23412af6,12월 4일 업데이트 공지,2025-12-01T17:00:00+09:00,기간 한정 모집 기간,*기간 한정 모집 기간: 2025년 12월 4일 서버 점검 종료 이후 ~ 2025년 12월 25일 4:59:59 (UTC+9)
183,limited,0,2025-12-04T00:00:00+09:00,2025-12-25T04:59:59+09:00,1,official:46bb619aa85c7a4112aadc0a428a23412af6,12월 4일 업데이트 공지,2025-12-01T17:00:00+09:00,기간 한정 모집 기간,*기간 한정 모집 기간: 2025년 12월 4일 서버 점검 종료 이후 ~ 2025년 12월 25일 4:59:59 (UTC+9)
073,limited,1,2025-12-11T05:00:00+09:00,2025-12-31T23:59:59+09:00,0,official:46bb619aa85c7a4112aadc0a428a23412af6,12월 4일 업데이트 공지,2025-12-01T17:00:00+09:00,기간 한정 모집 기간,*기간 한정 모집 기간: 2025년 12월 11일 5:00:00 ~ 2025년 12월 31일 23:59:59 (UTC+9)
016,special,0,2026-01-01T00:00:00+09:00,2026-01-22T04:59:59+09:00,0,official:45eb4bb3a469ba4d02a8204a481245355c70,12월 30일 업데이트 공지,2025-12-29T20:33:40+09:00,특수 모집 기간,*특수 모집 기간: 2026년 1월 1일 00:00:00 ~ 2026년 1월 22일 4:59:59 (UTC+9)
471,special,1,2026-01-01T00:00:00+09:00,2026-01-22T04:59:59+09:00,0,official:45eb4bb3a469ba4d02a8204a481245355c70,12월 30일 업데이트 공지,2025-12-29T20:33:40+09:00,특수 모집 기간,*특수 모집 기간: 2026년 1월 1일 00:00:00 ~ 2026년 1월 22일 4:59:59 (UTC+9)
582,special,1,2026-01-15T00:00:00+09:00,2026-01-29T04:59:59+09:00,1,official:f293a5bba0f0da4e6baaafba57a8d3703bd6,1월 15일 업데이트 공지 (1월 24일 공지 수정),2026-01-12T17:04:04+09:00,특수 모집 기간,*특수 모집 기간: 2026년 1월 15일 서버 점검 종료 이후 ~ 2026년 1월 29일 4:59:59 (UTC+9)
316,special,1,2026-01-29T00:00:00+09:00,2026-02-11T23:59:59+09:00,1,official:2637ff0aae74ca4d44aa3f6a840fbf82d170,1월 29일 업데이트 공지(2월 3일 공지 수정),2026-01-26T17:05:20+09:00,특수 모집 기간,*특수 모집 기간: 2026년 1월 29일 서버 점검 종료 이후 ~ 2026년 2월 11일 23:59:59 (UTC+9)
860,limited,1,2026-02-12T00:00:00+09:00,2026-03-12T04:59:59+09:00,1,official:1c0f35a1a8293a4274a9681a35cde3feca74,2월 12일 업데이트 공지,2026-02-09T17:21:46+09:00,기간 한정 모집 기간,*기간 한정 모집 기간: 2026년 2월 12일 서버 점검 종료 이후 ~ 2026년 3월 12일 4:59:59 (UTC+9)
862,event_reward,1,2026-02-12T00:00:00+09:00,2026-03-12T04:59:59+09:00,1,official:1c0f35a1a8293a4274a9681a35cde3feca74,2월 12일 업데이트 공지,2026-02-09T17:21:46+09:00,획득 기간,획득 기간: 2026년 2월 12일 서버 점검 종료 이후 ~ 2026년 3월 12일 4:59:59 (UTC+9)
861,limited,1,2026-02-19T05:00:00+09:00,2026-03-12T04:59:59+09:00,0,official:1c0f35a1a8293a4274a9681a35cde3feca74,2월 12일 업데이트 공지,2026-02-09T17:21:46+09:00,기간 한정 모집 기간,*기간 한정 모집 기간: 2026년 2월 19일 5:00:00 ~ 2026년 3월 12일 4:59:59 (UTC+9)
113,special,1,2026-03-05T00:00:00+09:00,2026-03-19T04:59:59+09:00,1,official:00ec7b7cac63aa4daea8147a8c619f409f4a,3월 5일 업데이트 공지,2026-03-05T14:58:23+09:00,특수 모집 기간,*특수 모집 기간: 2026년 3월 5일 서버 점검 종료 이후 ~ 2026년 3월 19일 4:59:59 (UTC+9)
583,special,1,2026-03-19T00:00:00+09:00,2026-04-09T04:59:59+09:00,1,official:8fb3f260a6b8fa4b9da826aa73f5a2bd47ac,3월 19일 업데이트 공지,2026-03-16T17:00:27+09:00,특수 모집 기간,*특수 모집 기간: 2026년 3월 19일 서버 점검 종료 이후 ~ 2026년 4월 9일 4:59:59 (UTC+9)
620,special,1,2026-04-09T00:00:00+09:00,2026-04-22T23:59:59+09:00,1,official:5098dfcba9fe6a4335aaf57ac40a02410283,4월 9일 업데이트 공지,2026-04-06T17:00:00+09:00,특수 모집 기간,*특수 모집 기간: 2026년 4월 9일 서버 점검 종료 이후 ~ 2026년 4월 22일 23:59:59 (UTC+9)
017,special,1,2026-04-23T00:00:00+09:00,2026-05-14T04:59:59+09:00,1,official:1ae75158a5bb8a49a6a874dac55ebe5859e5,4월 23일 업데이트 공지,2026-04-20T17:03:55+09:00,특수 모집 기간,*특수 모집 기간: 2026년 4월 23일 서버 점검 종료 이후 ~ 2026년 5월 14일 4:59:59 (UTC+9)
441,event_reward,1,2026-04-23T00:00:00+09:00,2026-05-14T04:59:59+09:00,1,official:1ae75158a5bb8a49a6a874dac55ebe5859e5,4월 23일 업데이트 공지,2026-04-20T17:03:55+09:00,획득 기간,*획득 기간: 2026년 4월 23일 서버 점검 종료 이후 ~ 2026년 5월 14일 4:59:59 (UTC+9)
018,special,1,2026-04-30T05:00:00+09:00,2026-05-21T04:59:59+09:00,0,official:1ae75158a5bb8a49a6a874dac55ebe5859e5,4월 23일 업데이트 공지,2026-04-20T17:03:55+09:00,특수 모집 기간,*특수 모집 기간: 2026년 4월 30일 5:00:00 ~ 2026년 5월 21일 4:59:59 (UTC+9)
600,special,1,2026-05-14T00:00:00+09:00,2026-06-04T04:59:59+09:00,1,official:36e3677eafb0ea44cfaac6badccd8bcf21e3,5월 14일 업데이트 공지,2026-05-11T17:04:26+09:00,특수 모집 기간,*특수 모집 기간: 2026년 5월 14일 서버 점검 종료 이후 ~ 2026년 6월 4일 4:59:59 (UTC+9)
850,limited,0,2026-05-14T00:00:00+09:00,2026-06-11T04:59:59+09:00,1,official:36e3677eafb0ea44cfaac6badccd8bcf21e3,5월 14일 업데이트 공지,2026-05-11T17:04:26+09:00,기간 한정 모집 기간,*기간 한정 모집 기간: 2026년 5월 14일 서버 점검 종료 이후 ~ 2026년 6월 11일 4:59:59 (UTC+9)
851,limited,0,2026-05-21T05:00:00+09:00,2026-06-11T04:59:59+09:00,0,official:36e3677eafb0ea44cfaac6badccd8bcf21e3,5월 14일 업데이트 공지,2026-05-11T17:04:26+09:00,기간 한정 모집 기간,*기간 한정 모집 기간: 2026년 5월 21일 5:00:00 ~ 2026년 6월 11일 4:59:59 (UTC+9)
601,special,1,2026-05-28T00:00:00+09:00,2026-06-11T04:59:59+09:00,1,official:0675c61fa2f66a46f8abd1fad3d962209b5c,5월 28일 업데이트 공지,2026-05-25T16:59:00+09:00,특수 모집 기간,*특수 모집 기간: 2026년 5월 28일 서버 점검 종료 이후 ~ 2026년 6월 11일 4:59:59 (UTC+9)
014,limited_selection,0,2026-06-11T00:00:00+09:00,2026-07-02T04:59:59+09:00,1,official:49aa55e2aba26a4955aa281a3c90a844bc53,6월 11일 업데이트 공지,2026-06-08T18:56:33+09:00,기간 한정 선택 모집 기간,*기간 한정 선택 모집 기간: 2026년 6월 11일 서버 점검 종료 이후 ~ 2026년 7월 2일 4:59:59 (UTC+9)
015,limited_selection,0,2026-06-11T00:00:00+09:00,2026-07-02T04:59:59+09:00,1,official:49aa55e2aba26a4955aa281a3c90a844bc53,6월 11일 업데이트 공지,2026-06-08T18:56:33+09:00,기간 한정 선택 모집 기간,*기간 한정 선택 모집 기간: 2026년 6월 11일 서버 점검 종료 이후 ~ 2026년 7월 2일 4:59:59 (UTC+9)
132,limited_selection,0,2026-06-11T00:00:00+09:00,2026-07-02T04:59:59+09:00,1,official:49aa55e2aba26a4955aa281a3c90a844bc53,6월 11일 업데이트 공지,2026-06-08T18:56:33+09:00,기간 한정 선택 모집 기간,*기간 한정 선택 모집 기간: 2026년 6월 11일 서버 점검 종료 이후 ~ 2026년 7월 2일 4:59:59 (UTC+9)
283,limited_selection,0,2026-06-11T00:00:00+09:00,2026-07-02T04:59:59+09:00,1,official:49aa55e2aba26a4955aa281a3c90a844bc53,6월 11일 업데이트 공지,2026-06-08T18:56:33+09:00,기간 한정 선택 모집 기간,*기간 한정 선택 모집 기간: 2026년 6월 11일 서버 점검 종료 이후 ~ 2026년 7월 2일 4:59:59 (UTC+9)
284,limited_selection,0,2026-06-11T00:00:00+09:00,2026-07-02T04:59:59+09:00,1,official:49aa55e2aba26a4955aa281a3c90a844bc53,6월 11일 업데이트 공지,2026-06-08T18:56:33+09:00,기간 한정 선택 모집 기간,*기간 한정 선택 모집 기간: 2026년 6월 11일 서버 점검 종료 이후 ~ 2026년 7월 2일 4:59:59 (UTC+9)
353,limited_selection,0,2026-06-11T00:00:00+09:00,2026-07-02T04:59:59+09:00,1,official:49aa55e2aba26a4955aa281a3c90a844bc53,6월 11일 업데이트 공지,2026-06-08T18:56:33+09:00,기간 한정 선택 모집 기간,*기간 한정 선택 모집 기간: 2026년 6월 11일 서버 점검 종료 이후 ~ 2026년 7월 2일 4:59:59 (UTC+9)
570,special,1,2026-06-11T00:00:00+09:00,2026-07-02T04:59:59+09:00,1,official:49aa55e2aba26a4955aa281a3c90a844bc53,6월 11일 업데이트 공지,2026-06-08T18:56:33+09:00,특수 모집 기간,*특수 모집 기간: 2026년 6월 11일 서버 점검 종료 이후 ~ 2026년 7월 2일 4:59:59 (UTC+9)
234,limited,0,2026-07-02T00:00:00+09:00,2026-07-23T04:59:59+09:00,1,official:29f47298ad9d3a4a91a8438ac563bc29b89c,7월 2일 업데이트 공지,2026-06-29T19:15:13+09:00,기간 한정 모집 기간,*기간 한정 모집 기간: 2026년 7월 2일 서버 점검 종료 이후 ~ 2026년 7월 23일 4:59:59 (UTC+9)
515,limited,1,2026-07-02T00:00:00+09:00,2026-07-23T04:59:59+09:00,1,official:29f47298ad9d3a4a91a8438ac563bc29b89c,7월 2일 업데이트 공지,2026-06-29T19:15:13+09:00,기간 한정 모집 기간,*기간 한정 모집 기간: 2026년 7월 2일 서버 점검 종료 이후 ~ 2026년 7월 23일 4:59:59 (UTC+9)
322,limited,1,2026-07-09T05:00:00+09:00,2026-07-30T04:59:59+09:00,0,official:29f47298ad9d3a4a91a8438ac563bc29b89c,7월 2일 업데이트 공지,2026-06-29T19:15:13+09:00,기간 한정 모집 기간,*기간 한정 모집 기간: 2026년 7월 9일 5:00:00 ~ 2026년 7월 30일 4:59:59 (UTC+9)
502,limited,0,2026-07-09T05:00:00+09:00,2026-07-30T04:59:59+09:00,0,official:29f47298ad9d3a4a91a8438ac563bc29b89c,7월 2일 업데이트 공지,2026-06-29T19:15:13+09:00,기간 한정 모집 기간,*기간 한정 모집 기간: 2026년 7월 9일 5:00:00 ~ 2026년 7월 30일 4:59:59 (UTC+9)
103,special,1,2026-07-23T00:00:00+09:00,2026-08-12T23:59:59+09:00,1,official:b263470ea4c71a4dddab742ada3f9e7e615d,7월 23일 업데이트 공지,2026-07-20T17:03:12+09:00,특수 모집 기간,*특수 모집 기간: 2026년 7월 23일 서버 점검 종료 이후 ~ 2026년 8월 12일 23:59:59 (UTC+9)
105,special,1,2026-07-30T05:00:00+09:00,2026-08-20T04:59:59+09:00,0,official:b263470ea4c71a4dddab742ada3f9e7e615d,7월 23일 업데이트 공지,2026-07-20T17:03:12+09:00,특수 모집 기간,*특수 모집 기간: 2026년 7월 30일 5:00:00 ~ 2026년 8월 20일 4:59:59 (UTC+9)
870,limited,1,2026-08-13T00:00:00+09:00,2026-09-10T04:59:59+09:00,1,official:8da875aaa35f6a4711a8d15a4900fd0f88eb,8월 13일 업데이트 공지(8월 20일 공지 수정),2026-08-10T17:01:01+09:00,기간 한정 모집 기간,*기간 한정 모집 기간: 2026년 8월 13일 서버 점검 종료 이후 ~ 2026년 9월 10일 4:59:59 (UTC+9)
872,event_reward,1,2026-08-13T00:00:00+09:00,2026-09-10T04:59:59+09:00,1,official:8da875aaa35f6a4711a8d15a4900fd0f88eb,8월 13일 업데이트 공지(8월 20일 공지 수정),2026-08-10T17:01:01+09:00,획득 기간,획득 기간: 2026년 8월 13일 서버 점검 종료 이후 ~ 2026년 9월 10일 4:59:59 (UTC+9)
871,limited,1,2026-08-20T05:00:00+09:00,2026-09-10T04:59:59+09:00,0,official:8da875aaa35f6a4711a8d15a4900fd0f88eb,8월 13일 업데이트 공지(8월 20일 공지 수정),2026-08-10T17:01:01+09:00,기간 한정 모집 기간,*기간 한정 모집 기간: 2026년 8월 20일 5:00:00 ~ 2026년 9월 10일 4:59:59 (UTC+9)
104,special,1,2026-09-03T00:00:00+09:00,2026-09-17T04:59:59+09:00,1,official:7bbad16da7596a49e7a9a78a598da9a37fcb,9월 3일 업데이트 공지,2026-08-31T17:00:38+09:00,특수 모집 기간,*특수 모집 기간: 2026년 9월 3일 서버 점검 종료 이후 ~ 2026년 9월 17일 4:59:59 (UTC+9)
062,limited_selection,0,2026-09-17T00:00:00+09:00,2026-10-08T04:59:59+09:00,1,official:656cdf7eaf40ea45f3a8e32ae94bf25093a4,9월 17일 업데이트 공지,2026-09-14T18:00:43+09:00,기간 한정 선택 모집 기간,*기간 한정 선택 모집 기간: 2026년 9월 17일 서버 점검 종료 이후 ~ 2026년 10월 8일 4:59:59 (UTC+9)
121,limited_selection,0,2026-09-17T00:00:00+09:00,2026-10-08T04:59:59+09:00,1,official:656cdf7eaf40ea45f3a8e32ae94bf25093a4,9월 17일 업데이트 공지,2026-09-14T18:00:43+09:00,기간 한정 선택 모집 기간,*기간 한정 선택 모집 기간: 2026년 9월 17일 서버 점검 종료 이후 ~ 2026년 10월 8일 4:59:59 (UTC+9)
182,limited_selection,0,2026-09-17T00:00:00+09:00,2026-10-08T04:59:59+09:00,1,official:656cdf7eaf40ea45f3a8e32ae94bf25093a4,9월 17일 업데이트 공지,2026-09-14T18:00:43+09:00,기간 한정 선택 모집 기간,*기간 한정 선택 모집 기간: 2026년 9월 17일 서버 점검 종료 이후 ~ 2026년 10월 8일 4:59:59 (UTC+9)
183,limited_selection,0,2026-09-17T00:00:00+09:00,2026-10-08T04:59:59+09:00,1,official:656cdf7eaf40ea45f3a8e32ae94bf25093a4,9월 17일 업데이트 공지,2026-09-14T18:00:43+09:00,기간 한정 선택 모집 기간,*기간 한정 선택 모집 기간: 2026년 9월 17일 서버 점검 종료 이후 ~ 2026년 10월 8일 4:59:59 (UTC+9)
194,limited_selection,0,2026-09-17T00:00:00+09:00,2026-10-08T04:59:59+09:00,1,official:656cdf7eaf40ea45f3a8e32ae94bf25093a4,9월 17일 업데이트 공지,2026-09-14T18:00:43+09:00,기간 한정 선택 모집 기간,*기간 한정 선택 모집 기간: 2026년 9월 17일 서버 점검 종료 이후 ~ 2026년 10월 8일 4:59:59 (UTC+9)
203,limited_selection,0,2026-09-17T00:00:00+09:00,2026-10-08T04:59:59+09:00,1,official:656cdf7eaf40ea45f3a8e32ae94bf25093a4,9월 17일 업데이트 공지,2026-09-14T18:00:43+09:00,기간 한정 선택 모집 기간,*기간 한정 선택 모집 기간: 2026년 9월 17일 서버 점검 종료 이후 ~ 2026년 10월 8일 4:59:59 (UTC+9)
404,special,1,2026-09-17T00:00:00+09:00,2026-10-08T04:59:59+09:00,1,official:656cdf7eaf40ea45f3a8e32ae94bf25093a4,9월 17일 업데이트 공지,2026-09-14T18:00:43+09:00,특수 모집 기간,*특수 모집 기간: 2026년 9월 17일 서버 점검 종료 이후 ~ 2026년 10월 8일 4:59:59 (UTC+9)
405,special,1,2026-09-24T05:00:00+09:00,2026-10-15T04:59:59+09:00,0,official:656cdf7eaf40ea45f3a8e32ae94bf25093a4,9월 17일 업데이트 공지,2026-09-14T18:00:43+09:00,특수 모집 기간,*특수 모집 기간: 2026년 9월 24일 5:00:00 ~ 2026년 10월 15일 4:59:59 (UTC+9)
060,special,1,2026-10-08T00:00:00+09:00,2026-10-28T23:59:59+09:00,1,official:b67197d4ae491a4b47aa60ea65677b6cd8eb,10월 8일 업데이트 사전 공지,2026-10-05T17:00:00+09:00,특수 모집 기간,*특수 모집 기간: 2026년 10월 8일 서버 점검 종료 이후 ~ 2026년 10월 28일 23:59:59 (UTC+9)
