season_from,season_to,window_start,window_end,total_variation,jsd,top_k_churn,newcomer_share,patches_in_window,banners,balance_patches,units_released,released_unit_ids
1,2,2023-05-11,2023-06-08,0.373153,0.229793,0.3,0.151375,5,3,2,3,270;271;280
2,3,2023-06-08,2023-07-13,0.237151,0.09898,0.2,0.025596,5,3,2,3,014;132;380
3,4,2023-07-13,2023-08-10,0.236278,0.1326,0.2,0.102586,7,4,3,4,015;350;351;353
4,5,2023-08-10,2023-09-14,0.214787,0.107401,0.2,0.11346,6,3,3,3,810;811;812
5,6,2023-09-14,2023-10-12,0.247573,0.1339,0.4,0.095469,5,3,2,3,321;450;451
6,7,2023-10-12,2023-11-09,0.326313,0.152055,0.5,0.092244,6,3,3,3,033;224;470
7,8,2023-11-09,2023-12-14,0.263696,0.107187,0.5,0.088832,6,3,3,3,062;192;194
8,9,2023-12-14,2024-01-04,0.269753,0.139655,0.2,0.086894,3,1,2,1,225
9,10,2024-01-04,2024-02-09,0.307889,0.15881,0.4,0.089399,6,3,3,3,281;313;382
10,11,2024-02-09,2024-03-08,0.35323,0.190233,0.5,0.108578,5,3,2,3,043;310;500
11,12,2024-03-08,2024-04-04,0.293578,0.143943,0.3,0.105907,4,3,1,3,820;821;822
12,13,2024-04-04,2024-05-02,0.316791,0.202738,0.2,0.051886,5,3,2,3,330;361;550
13,14,2024-05-02,2024-06-06,0.230915,0.136754,0.3,0.076721,5,3,2,3,195;314;501
14,15,2024-06-06,2024-07-11,0.300971,0.177842,0.5,0.085022,9,6,3,3,283;284;551
15,16,2024-07-11,2024-08-02,0.320545,0.185699,0.5,0.079086,5,3,2,1,391
16,17,2024-08-02,2024-09-05,0.357049,0.216456,0.5,0.136469,7,5,2,5,390;830;831;832;833
17,18,2024-09-05,2024-10-03,0.308832,0.164759,0.4,0.089692,4,2,2,2,272;403
18,19,2024-10-03,2024-10-31,0.383596,0.216936,0.7,0.129017,7,4,3,4,226;240;511;580
19,20,2024-10-31,2024-12-12,0.115866,0.049361,0.1,0.072681,10,6,4,4,182;183;411;514
20,21,2024-12-12,2025-01-09,0.433173,0.267915,0.7,0.11922,2,1,1,1,016
21,22,2025-01-09,2025-02-06,0.372824,0.264659,0.3,0.25454,5,3,2,3,290;354;355
22,23,2025-02-06,2025-03-06,0.47288,0.346489,0.4,0.155434,5,3,2,3,834;835;836
23,24,2025-03-06,2025-04-03,0.276217,0.171432,0.4,0.113211,5,2,3,2,412;520
24,25,2025-04-03,2025-05-08,0.360315,0.275424,0.6,0.20569,7,4,3,4,162;513;521;590
25,26,2025-05-08,2025-06-19,0.36111,0.276645,0.5,0.190277,8,5,3,5,041;581;850;851;852
26,27,2025-06-19,2025-07-24,0.529554,0.394715,0.7,0.326995,7,4,3,3,234;502;532
27,28,2025-07-24,2025-08-21,0.399897,0.254725,0.6,0.128484,4,3,1,3,093;094;095
28,29,2025-08-21,2025-09-16,0.352277,0.26899,0.4,0.213562,3,2,1,2,143;315
29,30,2025-09-16,2025-10-09,0.493254,0.377041,0.7,0.311747,4,3,1,3,840;841;842
30,31,2025-10-09,2025-11-13,0.547951,0.439453,0.6,0.211513,6,4,2,4,023;223;262;331
31,32,2025-11-13,2025-12-11,0.472122,0.350198,0.6,0.169708,5,3,2,3,073;074;075
32,33,2025-12-11,2026-01-08,0.408636,0.277439,0.7,0.165354,2,1,1,1,471
33,34,2026-01-08,2026-02-19,0.50685,0.3763,0.9,0.311065,9,5,4,5,316;582;860;861;862
34,35,2026-02-19,2026-03-20,0.429437,0.329285,0.5,0.167224,4,2,2,2,113;583
35,36,2026-03-20,2026-04-30,0.611783,0.492931,0.6,0.267282,8,4,4,4,017;018;441;620
36,37,2026-04-30,2026-05-28,0.63357,0.520028,0.8,0.163673,4,2,2,2,600;601
37,38,2026-05-28,2026-06-18,0.520061,0.371569,0.7,0.168178,2,1,1,1,570
38,39,2026-06-18,2026-07-16,0.459824,0.356183,0.4,0.23365,3,2,1,2,322;515
39,40,2026-07-16,2026-08-20,0.514724,0.447397,0.4,0.225269,7,5,2,5,103;105;870;871;872
40,41,2026-08-20,2026-09-24,0.510275,0.402521,0.6,0.190736,5,3,2,3,104;404;405
