unit_id,name_ko,name_en,debut_season,peak_season,peak_lift,peak_tier,latest_season,latest_lift,latest_tier,seasons_used,seasons_since_peak,retention
233,도로시,Dorothy,1,1,2.21153,SS,41,0.0,D,25,40,0.0
191,앨리스,Alice,1,1,2.192768,SS,41,0.0,D,37,40,0.0
225,홍련 : 흑영,Scarlet: Black Shadow,9,9,2.156354,SS,41,0.1009,D,31,32,0.046792
450,나가,Naga,6,9,2.156354,SS,41,0.010066,D,30,32,0.004668
451,티아,Tia,6,9,2.156354,SS,41,0.0,D,24,32,0.0
082,리타,Liter,1,9,2.154781,SS,41,0.837949,A,41,32,0.388879
170,프리바티,Privaty,1,1,2.150163,SS,41,1.259527,S,35,40,0.585782
330,크라운,Crown,13,16,1.995329,SS,41,1.117224,S,29,25,0.55992
102,맥스웰,Maxwell,1,1,1.987884,SS,41,0.0,D,39,40,0.0
015,아니스 : 스파클링 서머,Anis: Sparkling Summer,4,16,1.985879,SS,41,0.0,D,31,25,0.0
470,레드 후드,Red Hood,7,7,1.963341,SS,41,0.004443,D,33,34,0.002263
043,D : 킬러 와이프,D: Killer Wife,11,11,1.921382,SS,41,0.0,D,28,30,0.0
800,마키마,Makima,1,1,1.911919,SS,41,0.0,D,4,40,0.0
391,아인,Ein,16,16,1.909103,SS,41,0.0,D,10,25,0.0
270,블랑,Blanc,2,2,1.890985,SS,41,0.0,D,34,39,0.0
271,누아르,Noir,2,2,1.890985,SS,41,0.0,D,32,39,0.0
017,아니스 : 스타,Anis: Star,36,36,1.854959,SS,41,1.040883,A,6,5,0.561135
511,신데렐라,Cinderella,19,36,1.854959,SS,41,0.010693,D,23,5,0.005765
231,이사벨,Isabel,1,36,1.84155,SS,41,0.0,D,17,5,0.0
581,아르카나,Arcana,27,36,1.84155,SS,41,0.0,D,8,5,0.0
183,메이든 : 아이스 로즈,Maiden: Ice Rose,20,20,1.802202,SS,41,0.0,D,12,21,0.0
272,루주,Rouge,18,20,1.801694,SS,41,0.0,D,22,21,0.0
514,그레이브,Grave,19,20,1.760801,SS,41,0.0,D,22,21,0.0
262,리버렐리오,Liberalio,31,38,1.745787,SS,41,0.142107,D,11,3,0.0814
354,마스트 : 로망틱 메이드,Mast: Romantic Maid,22,38,1.745787,SS,41,0.999059,A,20,3,0.572269
355,앵커 : 이노센트 메이드,Anchor: Innocent Maid,22,38,1.745787,SS,41,0.967621,A,20,3,0.55426
352,헬름,Helm,1,24,1.71195,SS,41,0.930427,A,39,17,0.54349
260,모더니아,Modernia,1,1,1.702185,SS,41,0.0,D,31,40,0.0
194,루드밀라 : 윈터 오너,Ludmilla: Winter Owner,8,24,1.694263,SS,41,0.898442,A,34,17,0.530285
222,홍련,Scarlet,1,1,1.677542,SS,41,0.0,D,25,40,0.0
016,라피 : 레드 후드,Rapi: Red Hood,21,26,1.647856,SS,41,0.555167,B,21,15,0.336902
513,리틀 머메이드,Little Mermaid,25,26,1.646929,SS,41,1.231357,S,17,15,0.747669
850,이브,EVE,26,26,1.626815,SS,41,0.0,D,4,15,0.0
073,브리드 : 사일런트 트랙,Brid: Silent Track,32,40,1.569564,SS,41,0.0,D,3,1,0.0
162,미하라 : 본딩 체인,Mihara: Bonding Chain,25,25,1.559685,SS,41,0.029644,D,17,16,0.019006
811,A2,A2,5,5,1.557001,SS,41,0.0,D,8,36,0.0
232,노아,Noah,1,1,1.554315,SS,41,0.0,D,5,40,0.0
835,아스카 : WILLE,Asuka: WILLE,23,23,1.541425,SS,41,0.0,D,13,18,0.0
834,레이 (가칭),Rei (Tentative Name),23,23,1.533838,SS,41,0.0,D,5,18,0.0
210,엑시아,Exia,1,19,1.43777,SS,41,0.0,D,11,22,0.0
471,스노우 화이트 : 헤비암즈,Snow White: Heavy Arms,33,37,1.434783,SS,41,1.259456,S,9,4,0.877802
502,일레그 : 붐 앤 쇼크,Elegg: Boom and Shock,27,27,1.401525,SS,41,0.936051,A,5,14,0.66788
212,노벨,Novel,1,1,1.312836,S,41,0.0,D,15,40,0.0
192,토브,Tove,8,27,1.279492,S,41,1.05175,A,33,14,0.822006
234,도로시 : 세렌디피티,Dorothy: Serendipity,27,27,1.279492,S,41,1.05175,A,15,14,0.822006
101,드레이크,Drake,1,27,1.267461,S,41,0.0,D,32,14,0.0
831,레이,Rei,17,21,1.252919,S,41,0.0,D,7,20,0.0
032,미란다,Miranda,1,33,1.242654,S,41,0.880138,A,37,8,0.708273
353,헬름 : 아쿠아마린,Helm: Aquamarine,4,29,1.236665,S,41,0.0,D,19,12,0.0
220,스노우 화이트,Snow White,1,29,1.232872,S,41,0.0,D,30,12,0.0
820,렘,Rem,12,12,1.225163,S,41,0.0,D,10,29,0.0
515,신데렐라 : 크리스탈 웨이브,Cinderella: Crystal Wave,38,39,1.219194,S,41,0.30405,C,4,2,0.249386
075,디젤 : 윈터 스위츠,Diesel: Winter Sweets,32,35,1.203003,S,41,0.025858,D,10,6,0.021495
281,목단,Moran,10,35,1.194821,S,41,0.28531,C,11,6,0.238789
072,디젤,Diesel,1,2,1.187054,S,41,0.0,D,12,39,0.0
830,아스카,Asuka,17,21,1.167666,S,41,0.0,D,13,20,0.0
315,에이드 : 에이전트 바니,Ade: Agent Bunny,29,30,1.163339,S,41,0.004006,D,12,11,0.003444
171,율하,Yulha,1,7,1.142742,S,41,0.0,D,17,34,0.0
381,비스킷,Biscuit,1,10,1.136009,S,41,0.0,D,17,31,0.0
074,솔린 : 프로스트 티켓,Soline: Frost Ticket,32,37,1.129409,S,41,1.05175,A,10,4,0.931239
583,아르카나 : 포츈 메이트,Arcana: Fortune Mate,35,37,1.127923,S,41,1.029826,A,7,4,0.913029
431,볼륨,Volume,1,6,1.113853,S,41,0.0,D,38,35,0.0
871,유키코,Yukiko,40,40,1.091173,A,41,0.0,D,1,1,0.0
870,퀸(마코토),Queen (Makoto),40,40,1.091097,A,41,0.0,D,1,1,0.0
221,라푼젤,Rapunzel,1,13,1.078733,A,41,0.0,D,20,28,0.0
140,슈가,Sugar,1,41,1.05175,A,41,1.05175,A,18,0,1.0
283,로산나 : 시크 오션,Rosanna: Chic Ocean,15,15,1.049974,A,41,0.0,D,20,26,0.0
284,사쿠라 : 블룸 인 서머,Sakura: Bloom in Summer,15,15,1.04854,A,41,0.0,D,11,26,0.0
403,퀀시 : 이스케이프 퀸,Quency: Escape Queen,18,18,1.02736,A,41,0.468816,C,10,23,0.456331
832,마리,Mari,17,18,1.025548,A,41,0.0,D,17,23,0.0
600,민트,Mint,37,37,1.014055,A,41,0.509142,B,5,4,0.502085
520,브래디,Bready,24,24,1.010422,A,41,0.631447,B,5,17,0.624934
223,나유타,Nayuta,31,35,1.001497,A,41,0.844882,A,11,6,0.843619
316,벨벳,Velvet,36,38,0.988337,A,41,0.005432,D,6,3,0.005496
840,에이다,Ada,30,35,0.984444,A,41,0.088776,D,12,6,0.090178
018,네온 : 비전 아이,Neon: Vision Eye,36,36,0.98346,A,41,0.016081,D,5,5,0.016352
851,레이븐,Raven,26,34,0.942568,A,41,0.0,D,12,7,0.0
314,소다 : 트윙클링 바니,Soda: Twinkling Bunny,14,14,0.918387,A,41,0.0,D,23,27,0.0
180,길로틴,Guillotine,1,4,0.914684,A,41,0.0,D,21,37,0.0
390,츠바이,Zwei,16,37,0.886934,A,41,0.291458,C,11,4,0.328613
030,폴리,Poli,1,8,0.876673,A,41,0.0,D,12,33,0.0
202,도라,Dolla,1,30,0.874721,A,41,0.0,D,27,11,0.0
112,바이퍼,Viper,1,24,0.869061,A,41,0.00255,D,18,17,0.002935
400,길티,Guilty,1,15,0.866123,A,41,0.0,D,17,26,0.0
382,레오나,Leona,10,27,0.843856,A,41,0.002845,D,18,14,0.003371
350,마스트,Mast,4,10,0.81833,A,41,0.0,D,16,31,0.0
860,치사토,Chisato,34,34,0.803766,A,41,0.0,D,2,7,0.0
601,프리카,Prika,37,40,0.794571,B,41,0.230102,C,5,1,0.289592
861,타키나,Takina,34,34,0.787245,B,41,0.522732,B,4,7,0.664002
430,노이즈,Noise,1,2,0.780579,B,41,0.0,D,13,39,0.0
023,델타 : 닌자 시프,Delta: Ninja Thief,31,31,0.765061,B,41,0.0,D,5,10,0.0
810,2B,2B,5,5,0.751289,B,41,0.0,D,21,36,0.0
821,에밀리아,Emilia,12,12,0.739984,B,41,0.0,D,6,29,0.0
580,팬텀,Phantom,19,41,0.734369,B,41,0.734369,B,6,0,1.0
313,프리바티 : 언카인드 메이드,Privaty: Unkind Maid,10,10,0.721453,B,41,0.0,D,16,31,0.0
321,마르차나,Marciana,7,9,0.699315,B,41,0.0,D,12,32,0.0
182,길로틴 : 윈터 슬레이어,Guillotine: Winter Slayer,22,22,0.683624,B,41,0.010426,D,6,19,0.015252
500,일레그,Elegg,11,12,0.637624,B,41,0.0,D,7,29,0.0
322,마르차나 : 마린 스터디,Marciana: Marine Study,39,39,0.608537,B,41,0.0,D,1,2,0.0
131,페퍼,Pepper,1,6,0.604725,B,41,0.0,D,17,35,0.0
404,길티 : 마이티 바니,Guilty: Mighty Bunny,41,41,0.569594,B,41,0.569594,B,1,0,1.0
132,메어리 : 베이 갓데스,Mary: Bay Goddess,3,9,0.569199,B,41,0.0,D,15,32,0.0
570,아크레인저 블랙,Ark Ranger Black,38,38,0.559068,B,41,0.0,D,1,3,0.0
143,밀크 : 블루밍 바니,Milk: Blooming Bunny,29,29,0.558382,B,41,0.0,D,3,12,0.0
290,마나,Mana,23,23,0.55766,B,41,0.0,D,6,18,0.0
392,라이,Rei,1,22,0.523742,B,41,0.001072,D,8,19,0.002047
411,플로라,Flora,40,41,0.518165,B,41,0.518165,B,2,0,1.0
062,미카 : 스노우 버디,Mica: Snow Buddy,8,8,0.50523,B,41,0.0,D,5,33,0.0
195,앨리스 : 원더랜드 바니,Alice: Wonderland Bunny,14,24,0.497248,C,41,0.0,D,14,17,0.0
405,신 : 스위프트 바니,Sin: Swift Bunny,41,41,0.482932,C,41,0.482932,C,1,0,1.0
412,트리나,Trina,26,30,0.468063,C,41,0.0,D,3,11,0.0
432,아리아,Aria,1,2,0.453117,C,41,0.0,D,9,39,0.0
261,니힐리스타,Nihilister,1,11,0.446799,C,41,0.0,D,6,30,0.0
091,베스티,Vesti,1,2,0.43333,C,41,0.0,D,9,39,0.0
095,은화 : 택티컬 업,Eunhwa: Tactical Upgrade,28,28,0.395377,C,41,0.0,D,3,13,0.0
100,라플라스,Laplace,1,2,0.365321,C,41,0.0,D,23,39,0.0
190,루드밀라,Ludmilla,1,1,0.364216,C,41,0.0,D,6,40,0.0
111,자칼,Jackal,1,5,0.33695,C,41,0.0,D,9,36,0.0
093,엠마 : 택티컬 업,Emma: Tactical Upgrade,28,28,0.32909,C,41,0.0,D,3,13,0.0
282,사쿠라,Sakura,1,11,0.324946,C,41,0.0,D,14,30,0.0
094,베스티 : 택티컬 업,Vesti: Tactical Upgrade,28,28,0.319587,C,41,0.0,D,2,13,0.0
070,브리드,Brid,1,2,0.31909,C,41,0.0,D,9,39,0.0
172,애드미,Admi,1,1,0.304274,C,41,0.0,D,7,40,0.0
230,하란,Harran,1,1,0.291805,C,41,0.0,D,5,40,0.0
121,앤 : 미라클 페어리,Anne: Miracle Fairy,1,4,0.277386,C,41,0.0,D,8,37,0.0
080,센티,Centi,1,1,0.222108,C,41,0.0,D,4,40,0.0
200,루피,Rupee,1,2,0.204425,C,41,0.0,D,9,39,0.0
014,네온 : 블루 오션,Neon: Blue Ocean,3,3,0.199709,D,41,0.0,D,8,38,0.0
011,네온,Neon,1,1,0.186794,D,41,0.0,D,4,40,0.0
841,질,Jill,30,36,0.162969,D,41,0.0,D,2,5,0.0
120,N102,N102,1,4,0.152018,D,41,0.0,D,9,37,0.0
181,메이든,Maiden,1,1,0.141598,D,41,0.0,D,7,40,0.0
242,폴크방,Folkwang,1,2,0.122509,D,41,0.0,D,9,39,0.0
380,네로,Nero,3,5,0.095965,D,41,0.0,D,5,36,0.0
402,퀀시,Quency,1,10,0.092153,D,41,0.0,D,9,31,0.0
311,코코아,Cocoa,3,7,0.091589,D,41,0.0,D,5,34,0.0
040,D,D,1,6,0.089205,D,41,0.0,D,7,35,0.0
092,은화,Eunhwa,1,11,0.068699,D,41,0.0,D,3,30,0.0
312,소다,Soda,1,2,0.064039,D,41,0.0,D,6,39,0.0
071,솔린,Soline,1,4,0.048738,D,41,0.0,D,7,37,0.0
141,밀크,Milk,1,5,0.044306,D,41,0.0,D,9,36,0.0
142,프림,Frima,1,1,0.042177,D,41,0.0,D,7,40,0.0
130,메어리,Mary,1,2,0.038812,D,41,0.0,D,3,39,0.0
203,루피 : 윈터 쇼퍼,Rupee: Winter Shopper,1,4,0.038271,D,41,0.0,D,9,37,0.0
801,파워,Power,1,2,0.034261,D,41,0.0,D,5,39,0.0
161,미하라,Mihara,1,1,0.032083,D,41,0.0,D,2,40,0.0
061,미카,Mica,1,1,0.030923,D,41,0.0,D,1,40,0.0
241,에피넬,Epinel,1,1,0.024433,D,41,0.0,D,4,40,0.0
020,델타,Delta,1,1,0.024175,D,41,0.0,D,1,40,0.0
193,네베,Neve,1,2,0.019571,D,41,0.0,D,7,39,0.0
041,K,K,30,30,0.01713,D,41,0.0,D,2,11,0.0
090,엠마,Emma,1,5,0.012704,D,41,0.0,D,8,36,0.0
060,벨로타,Belorta,1,1,0.011405,D,41,0.0,D,1,40,0.0
401,신,Sin,1,1,0.010651,D,41,0.0,D,1,40,0.0
150,율리아,Julia,1,29,0.009589,D,41,0.0,D,4,12,0.0
224,스노우 화이트 : 이노센트 데이즈,Snow White: Innocent Days,7,7,0.009473,D,41,0.001976,D,6,34,0.208615
582,레이블,Label,34,34,0.008883,D,41,0.0,D,2,7,0.0
113,E.H.,E.H.,38,38,0.008739,D,41,0.0,D,1,3,0.0
012,아니스,Anis,1,1,0.006947,D,41,0.0,D,1,40,0.0
833,미사토,Misato,17,17,0.005481,D,41,0.0,D,1,24,0.0
201,얀,Yan,1,1,0.005402,D,41,0.0,D,1,40,0.0
280,로산나,Rosanna,4,5,0.005085,D,41,0.0,D,6,36,0.0
160,유니,Yuni,1,5,0.004573,D,41,0.0,D,3,36,0.0
521,크러스트,Crust,26,27,0.004556,D,41,0.0,D,2,14,0.0
022,시그널,Signal,5,5,0.003788,D,41,0.0,D,2,36,0.0
331,차임,Chime,34,34,0.003109,D,41,0.0,D,1,7,0.0
302,프로덕트 08,Product 08,10,10,0.002746,D,41,0.0,D,1,31,0.0
310,에이드,Ade,10,12,0.002491,D,41,0.0,D,2,29,0.0
110,크로우,Crow,2,2,0.002418,D,41,0.0,D,1,39,0.0
501,트로니,Trony,17,17,0.001655,D,41,0.0,D,1,24,0.0
033,키리,Quiry,23,23,0.001395,D,41,0.0,D,2,18,0.0
303,프로덕트 12,Product 12,11,11,0.000542,D,41,0.0,D,1,30,0.0
