season,servers,server_names,decks,rankers,units_fielded,main_deck_share,collected_on,collected_until,boss_en,boss_ko,boss_element,weak_element,start_at,end_at,final
1,6,GLOBAL;JP;KR;NA;SEA;TW-HK,1497,300,69,0.452301,2023-05-17T09:00:00+09:00,2023-05-18T08:59:59+09:00,Mother Whale,,Water,Electric,2023-05-11T12:00:00+09:00,2023-05-18T04:59:59+09:00,True
2,6,GLOBAL;JP;KR;NA;SEA;TW-HK,1499,300,59,0.407926,2023-06-14T09:00:00+09:00,2023-06-15T08:59:59+09:00,Black Smith,,Fire,Water,2023-06-08T12:00:00+09:00,2023-06-15T04:59:59+09:00,True
3,6,GLOBAL;JP;KR;NA;SEA;TW-HK,1500,300,59,0.349404,2023-07-19T09:00:00+09:00,2023-07-20T08:59:59+09:00,Harvester,,Fire,Water,2023-07-13T12:00:00+09:00,2023-07-20T04:59:59+09:00,True
4,6,GLOBAL;JP;KR;NA;SEA;TW-HK,1500,300,59,0.280238,2023-08-16T09:00:00+09:00,2023-08-17T08:59:59+09:00,Alteisen,,Water,Electric,2023-08-10T12:00:00+09:00,2023-08-17T04:59:59+09:00,True
5,4,GLOBAL;JP;NA;SEA,999,200,53,0.348682,2023-09-20T09:00:00+09:00,2023-09-21T08:59:59+09:00,,,Wind,Fire,2023-09-14T12:00:00+09:00,2023-09-21T04:59:59+09:00,True
6,4,GLOBAL;JP;NA;SEA,1000,200,51,0.263779,2023-10-18T09:00:00+09:00,2023-10-19T08:59:59+09:00,Modernia,,Iron,Wind,2023-10-12T12:00:00+09:00,2023-10-19T04:59:59+09:00,True
7,6,GLOBAL;JP;KR;NA;SEA;TW-HK,1495,299,49,0.394611,2023-11-15T09:00:00+09:00,2023-11-16T08:59:59+09:00,Ultra,,Electric,Iron,2023-11-09T12:00:00+09:00,2023-11-16T04:59:59+09:00,True
8,6,GLOBAL;JP;KR;NA;SEA;TW-HK,1500,300,51,0.307848,2023-12-21T09:00:00+09:00,2023-12-22T08:59:59+09:00,Chatterbox,,Fire,Water,2023-12-14T12:00:00+09:00,2023-12-21T04:59:59+09:00,True
9,6,GLOBAL;JP;KR;NA;SEA;TW-HK,1499,300,48,0.431271,2024-01-10T09:00:00+09:00,2024-01-11T08:59:59+09:00,Material H,,Iron,Wind,2024-01-04T12:00:00+09:00,2024-01-11T04:59:59+09:00,True
10,6,GLOBAL;JP;KR;NA;SEA;TW-HK,1500,300,53,0.257615,2024-02-15T09:00:00+09:00,2024-02-16T08:59:59+09:00,Crystal Chamber,,Water,Electric,2024-02-09T12:00:00+09:00,2024-02-16T04:59:59+09:00,True
11,6,GLOBAL;JP;KR;NA;SEA;TW-HK,1500,300,50,0.386925,2024-03-14T09:00:00+09:00,2024-03-15T08:59:59+09:00,Storm Bringer,,Wind,Fire,2024-03-08T12:00:00+09:00,2024-03-15T04:59:59+09:00,True
12,6,GLOBAL;JP;KR;NA;SEA;TW-HK,1490,298,59,0.291336,2024-04-10T09:00:00+09:00,2024-04-11T08:59:59+09:00,Nihilister,,Fire,Water,2024-04-04T12:00:00+09:00,2024-04-11T04:59:59+09:00,True
13,6,GLOBAL;JP;KR;NA;SEA;TW-HK,1500,300,38,0.260635,2024-05-08T09:00:00+09:00,2024-05-09T08:59:59+09:00,Indivilia,,Electric,Iron,2024-05-02T12:00:00+09:00,2024-05-09T04:59:59+09:00,True
14,6,GLOBAL;JP;KR;NA;SEA;TW-HK,1500,300,52,0.274298,2024-06-12T09:00:00+09:00,2024-06-13T08:59:59+09:00,Grave Digger,,Electric,Iron,2024-06-06T12:00:00+09:00,2024-06-13T04:59:59+09:00,True
15,6,GLOBAL;JP;KR;NA;SEA;TW-HK,1500,300,48,0.340184,2024-07-17T09:00:00+09:00,2024-07-18T08:59:59+09:00,Golden Kraken,황금 크라켄,Iron,Wind,2024-07-11T12:00:00+09:00,2024-07-18T04:59:59+09:00,True
16,6,GLOBAL;JP;KR;NA;SEA;TW-HK,1500,300,55,0.399066,2024-08-08T09:00:00+09:00,2024-08-09T08:59:59+09:00,Mirror Container,,Water,Electric,2024-08-02T12:00:00+09:00,2024-08-09T04:59:59+09:00,True
17,6,GLOBAL;JP;KR;NA;SEA;TW-HK,1500,300,54,0.351667,2024-09-11T09:00:00+09:00,2024-09-12T08:59:59+09:00,Massive Object,,Wind,Fire,2024-09-05T12:00:00+09:00,2024-09-12T04:59:59+09:00,True
18,6,GLOBAL;JP;KR;NA;SEA;TW-HK,1500,300,52,0.281518,2024-10-09T09:00:00+09:00,2024-10-10T08:59:59+09:00,Land Eater,,Fire,Water,2024-10-03T12:00:00+09:00,2024-10-10T04:59:59+09:00,True
19,6,GLOBAL;JP;KR;NA;SEA;TW-HK,1500,300,45,0.354268,2024-11-16T09:00:00+09:00,2024-11-17T08:59:59+09:00,Behemoth,,Water,Electric,2024-10-31T12:00:00+09:00,2024-11-17T05:00:00+09:00,True
20,6,GLOBAL;JP;KR;NA;SEA;TW-HK,1500,300,40,0.360501,2024-12-18T09:00:00+09:00,2024-12-19T08:59:59+09:00,White Ice Dragon,,Water,Electric,2024-12-12T12:00:00+09:00,2024-12-19T04:59:59+09:00,True
21,6,GLOBAL;JP;KR;NA;SEA;TW-HK,1500,300,40,0.272156,2025-01-15T09:00:00+09:00,2025-01-16T08:59:59+09:00,Modernia,,Wind,Fire,2025-01-09T12:00:00+09:00,2025-01-16T04:59:59+09:00,True
22,6,GLOBAL;JP;KR;NA;SEA;TW-HK,1500,300,53,0.267578,2025-02-12T09:00:00+09:00,2025-02-13T08:59:59+09:00,Material H,,Fire,Water,2025-02-06T12:00:00+09:00,2025-02-13T04:59:59+09:00,True
23,6,GLOBAL;JP;KR;NA;SEA;TW-HK,1500,300,45,0.314344,2025-03-12T09:00:00+09:00,2025-03-13T08:59:59+09:00,Massive Object Q,,Iron,Wind,2025-03-06T12:00:00+09:00,2025-03-13T04:59:59+09:00,True
24,6,GLOBAL;JP;KR;NA;SEA;TW-HK,1500,300,47,0.34239,2025-04-09T09:00:00+09:00,2025-04-10T08:59:59+09:00,Black Snake,,Fire,Water,2025-04-03T12:00:00+09:00,2025-04-10T04:59:59+09:00,True
25,6,GLOBAL;JP;KR;NA;SEA;TW-HK,1490,298,37,0.331502,2025-05-14T09:00:00+09:00,2025-05-15T08:59:59+09:00,Gluttony,,Wind,Fire,2025-05-08T12:00:00+09:00,2025-05-15T04:59:59+09:00,True
26,6,GLOBAL;JP;KR;NA;SEA;TW-HK,1500,300,43,0.330288,2025-07-10T09:00:00+09:00,2025-07-11T08:59:59+09:00,Providence,,Electric,Iron,2025-06-19T12:00:00+09:00,2025-07-10T04:59:59+09:00,True
27,6,GLOBAL;JP;KR;NA;SEA;TW-HK,1500,300,53,0.284802,2025-08-03T09:00:00+09:00,2025-08-04T08:59:59+09:00,Hologram Kraken,,Fire,Water,2025-07-24T12:00:00+09:00,2025-07-31T04:59:59+09:00,True
28,6,GLOBAL;JP;KR;NA;SEA;TW-HK,1500,300,43,0.319757,2025-09-01T09:00:00+09:00,2025-09-02T08:59:59+09:00,Ziz,,Wind,Fire,2025-08-21T12:00:00+09:00,2025-09-01T04:59:59+09:00,True
29,6,GLOBAL;JP;KR;NA;SEA;TW-HK,1500,300,41,0.310294,2025-09-23T09:00:00+09:00,2025-09-24T08:59:59+09:00,Mother Whale,,Electric,Iron,2025-09-16T12:00:00+09:00,2025-09-23T04:59:59+09:00,True
30,6,GLOBAL;JP;KR;NA;SEA;TW-HK,1500,300,52,0.316892,2025-10-15T09:00:00+09:00,2025-10-16T08:59:59+09:00,The Merciless Judge,차가운 심판자,Water,Electric,2025-10-09T12:00:00+09:00,2025-10-16T04:59:59+09:00,True
31,6,GLOBAL;JP;KR;NA;SEA;TW-HK,1500,300,46,0.307086,2025-11-20T09:00:00+09:00,2025-11-21T08:59:59+09:00,Queen 001,,Iron,Wind,2025-11-13T12:00:00+09:00,2025-11-20T04:59:59+09:00,True
32,6,GLOBAL;JP;KR;NA;SEA;TW-HK,1500,300,48,0.279154,2025-12-18T09:00:00+09:00,2025-12-19T08:59:59+09:00,Alteisen,,Wind,Fire,2025-12-11T12:00:00+09:00,2025-12-18T04:59:59+09:00,True
33,6,GLOBAL;JP;KR;NA;SEA;TW-HK,1500,300,47,0.25081,2026-01-14T09:00:00+09:00,2026-01-15T08:59:59+09:00,Only One,,Fire,Water,2026-01-08T12:00:00+09:00,2026-01-15T04:59:59+09:00,True
34,6,GLOBAL;JP;KR;NA;SEA;TW-HK,1495,299,52,0.300644,2026-02-25T09:00:00+09:00,2026-02-26T08:59:59+09:00,Altruia,,Electric,Iron,2026-02-19T12:00:00+09:00,2026-02-26T04:59:59+09:00,True
35,6,GLOBAL;JP;KR;NA;SEA;TW-HK,1500,300,39,0.244095,2026-03-26T09:00:00+09:00,2026-03-27T08:59:59+09:00,Crystal Chamber,,Wind,Fire,2026-03-20T12:00:00+09:00,2026-03-27T04:59:59+09:00,True
36,6,GLOBAL;JP;KR;NA;SEA;TW-HK,1490,298,50,0.370992,2026-05-06T09:00:00+09:00,2026-05-07T08:59:59+09:00,Egovista,,Water,Electric,2026-04-30T12:00:00+09:00,2026-05-07T04:59:59+09:00,True
37,6,GLOBAL;JP;KR;NA;SEA;TW-HK,1500,300,46,0.287845,2026-06-06T09:00:00+09:00,2026-06-07T08:59:59+09:00,Ultra,,Fire,Water,2026-05-28T00:00:00+09:00,2026-06-04T04:59:59+09:00,True
38,6,GLOBAL;JP;KR;NA;SEA;TW-HK,1500,300,54,0.349157,2026-07-11T09:00:00+09:00,2026-07-12T08:59:59+09:00,Annihilio,애니힐리오,Iron,Wind,2026-06-18T12:00:00+09:00,2026-07-08T04:59:59+09:00,True
39,6,GLOBAL;JP;KR;NA;SEA;TW-HK,1500,300,50,0.310716,2026-07-22T09:00:00+09:00,2026-07-23T08:59:59+09:00,Island Eater,,Electric,Iron,2026-07-16T12:00:00+09:00,2026-07-23T04:59:59+09:00,True
40,6,GLOBAL;JP;KR;NA;SEA;TW-HK,1500,300,45,0.315748,2026-08-28T09:00:00+09:00,2026-08-29T08:59:59+09:00,Luxurious Spider,사치스러운 거미,Wind,Fire,2026-08-20T12:00:00+09:00,2026-08-27T04:59:59+09:00,True
41,6,GLOBAL;JP;KR;NA;SEA;TW-HK,1500,300,47,0.253172,2026-09-28T09:00:00+09:00,2026-09-29T08:59:59+09:00,Liberalio Body,리버렐리오 바디,Fire,Water,2026-09-24T12:00:00+09:00,2026-10-01T04:59:59+09:00,False
