season_from,season_to,total_variation,jsd,top_k,top_k_churn,entrants,leavers,newcomer_share,units_in_use,effective_units
1,2,0.373153,0.229793,10,0.3,072;270;271,212;232;800,0.151375,59,26.882719
2,3,0.237151,0.09898,10,0.2,212;352,072;222,0.025596,59,27.623498
3,4,0.236278,0.1326,10,0.2,015;222,212;352,0.102586,59,29.146561
4,5,0.214787,0.107401,10,0.2,212;811,015;222,0.11346,53,27.114971
5,6,0.247573,0.1339,10,0.4,220;431;450;451,102;170;212;811,0.095469,51,28.342284
6,7,0.326313,0.152055,10,0.5,032;102;352;353;470,233;260;270;271;431,0.092244,49,23.690613
7,8,0.263696,0.107187,10,0.5,194;260;270;271;431,032;220;352;353;470,0.088832,51,27.84342
8,9,0.269753,0.139655,10,0.2,225;470,102;194,0.086894,48,22.548266
9,10,0.307889,0.15881,10,0.4,015;170;233;381,260;271;431;470,0.089399,53,29.735604
10,11,0.35323,0.190233,10,0.5,043;102;260;271;470,015;170;225;233;381,0.108578,50,24.677559
11,12,0.293578,0.143943,10,0.3,194;225;820,260;270;271,0.105907,59,28.068262
12,13,0.316791,0.202738,10,0.2,221;330,102;820,0.051886,38,25.630664
13,14,0.230411,0.136182,10,0.3,102;233;353,082;194;221,0.076067,52,29.381622
14,15,0.300971,0.177842,10,0.5,082;170;260;283;284,233;353;450;451;470,0.085022,48,25.121673
15,16,0.320545,0.185699,10,0.5,015;210;391;450;451,102;170;260;283;284,0.079086,55,27.730104
16,17,0.357049,0.216456,10,0.5,170;260;270;271;831,015;210;391;450;451,0.136469,54,26.753317
17,18,0.308832,0.164759,10,0.4,194;233;450;451,260;270;271;831,0.089692,52,28.559308
18,19,0.383596,0.216936,10,0.7,015;210;272;391;470;511;514,082;170;191;225;233;450;451,0.129017,45,23.800851
19,20,0.115866,0.049361,10,0.1,183,194,0.072681,40,22.904527
20,21,0.433173,0.267915,10,0.7,016;082;170;191;225;260;831,015;183;210;272;391;470;511,0.11922,40,26.305297
21,22,0.371901,0.263014,10,0.3,194;233;352,170;260;831,0.253376,53,29.544142
22,23,0.47288,0.346489,10,0.4,354;355;834;835,043;194;233;514,0.155434,45,25.635711
23,24,0.276217,0.171432,10,0.4,194;403;470;520,191;225;834;835,0.113211,47,29.593409
24,25,0.360315,0.275424,10,0.6,043;162;191;260;513;831,082;194;355;403;470;520,0.20569,37,26.831244
25,26,0.36111,0.276645,10,0.5,032;220;353;514;850,043;162;191;260;831,0.190277,43,26.048052
26,27,0.504296,0.35973,10,0.7,043;082;101;192;194;234;502,016;032;220;353;354;514;850,0.275816,53,29.146908
27,28,0.399897,0.254725,10,0.6,016;032;162;191;354;514,082;101;192;194;234;502,0.128484,43,29.250474
28,29,0.352277,0.26899,10,0.4,102;220;353;850,043;162;191;352,0.213562,41,26.028983
29,30,0.493254,0.377041,10,0.7,015;183;272;315;352;391;511,016;032;102;220;353;514;850,0.311747,52,28.547926
30,31,0.547951,0.439453,10,0.6,082;225;262;355;834;835,015;183;272;315;391;511,0.211513,46,27.909285
31,32,0.472122,0.350198,10,0.6,016;032;043;073;075;162,082;225;262;355;834;835,0.169708,48,29.742665
32,33,0.408636,0.277439,10,0.7,074;101;192;234;270;272;471,016;043;073;075;162;354;513,0.165354,47,28.294136
33,34,0.506545,0.375021,10,0.9,016;082;170;223;353;354;513;850;851,032;074;101;192;234;270;272;352;471,0.273635,52,29.705013
34,35,0.429437,0.329285,10,0.5,073;075;281;352;471,082;223;353;850;851,0.167224,39,26.703854
35,36,0.611783,0.492931,10,0.6,017;018;231;262;511;581,016;073;075;170;352;471,0.267282,50,26.031333
36,37,0.63357,0.520028,10,0.8,074;101;170;192;234;471;583;600,017;018;231;262;281;354;511;581,0.163673,46,28.217696
37,38,0.520061,0.371569,10,0.7,017;225;262;316;354;355;835,074;101;192;234;471;583;600,0.168178,54,28.431719
38,39,0.459824,0.356183,10,0.4,016;450;515;850,225;262;316;835,0.23365,50,28.21677
39,40,0.514724,0.447397,10,0.4,073;162;870;871,355;450;515;850,0.225269,45,25.820154
40,41,0.50968,0.401974,10,0.6,074;140;192;234;471;583,016;073;162;354;870;871,0.187635,47,30.516058
