season,start_date,end_date
1,2023-05-11,2023-05-18
2,2023-06-08,2023-06-15
3,2023-07-13,2023-07-20
4,2023-08-10,2023-08-17
5,2023-09-14,2023-09-21
6,2023-10-12,2023-10-19
7,2023-11-09,2023-11-16
8,2023-12-14,2023-12-21
9,2024-01-04,2024-01-11
10,2024-02-09,2024-02-16
11,2024-03-08,2024-03-15
12,2024-04-04,2024-04-11
13,2024-05-02,2024-05-09
14,2024-06-06,2024-06-13
15,2024-07-11,2024-07-18
16,2024-08-02,2024-08-09
17,2024-09-05,2024-09-12
18,2024-10-03,2024-10-10
19,2024-10-31,2024-11-17
20,2024-12-12,2024-12-19
21,2025-01-09,2025-01-16
22,2025-02-06,2025-02-13
23,2025-03-06,2025-03-13
24,2025-04-03,2025-04-10
25,2025-05-08,2025-05-15
26,2025-06-19,2025-07-10
27,2025-07-24,2025-07-31
28,2025-08-21,2025-09-01
29,2025-09-16,2025-09-23
30,2025-10-09,2025-10-16
31,2025-11-13,2025-11-20
32,2025-12-11,2025-12-18
33,2026-01-08,2026-01-15
34,2026-02-19,2026-02-26
35,2026-03-20,2026-03-27
36,2026-04-30,2026-05-07
37,2026-05-28,2026-06-04
38,2026-06-18,2026-07-08
39,2026-07-16,2026-07-23
40,2026-08-20,2026-08-27
41,2026-09-24,2026-10-01
