season,period,start_at,end_at,start_after_maintenance,end_reason
1,1,2023-05-11T12:00:00+09:00,2023-05-18T04:59:59+09:00,0,scheduled
2,1,2023-06-08T12:00:00+09:00,2023-06-15T04:59:59+09:00,0,scheduled
3,1,2023-07-13T12:00:00+09:00,2023-07-20T04:59:59+09:00,0,scheduled
4,1,2023-08-10T12:00:00+09:00,2023-08-17T04:59:59+09:00,0,scheduled
5,1,2023-09-14T12:00:00+09:00,2023-09-21T04:59:59+09:00,0,scheduled
6,1,2023-10-12T12:00:00+09:00,2023-10-19T04:59:59+09:00,0,scheduled
7,1,2023-11-09T12:00:00+09:00,2023-11-16T04:59:59+09:00,0,scheduled
8,1,2023-12-14T12:00:00+09:00,2023-12-21T04:59:59+09:00,0,scheduled
9,1,2024-01-04T12:00:00+09:00,2024-01-11T04:59:59+09:00,0,scheduled
10,1,2024-02-09T12:00:00+09:00,2024-02-16T04:59:59+09:00,0,scheduled
11,1,2024-03-08T12:00:00+09:00,2024-03-15T04:59:59+09:00,0,scheduled
12,1,2024-04-04T12:00:00+09:00,2024-04-11T04:59:59+09:00,0,scheduled
13,1,2024-05-02T12:00:00+09:00,2024-05-09T04:59:59+09:00,0,scheduled
14,1,2024-06-06T12:00:00+09:00,2024-06-13T04:59:59+09:00,0,scheduled
15,1,2024-07-11T12:00:00+09:00,2024-07-18T04:59:59+09:00,0,scheduled
16,1,2024-08-02T12:00:00+09:00,2024-08-09T04:59:59+09:00,0,scheduled
17,1,2024-09-05T12:00:00+09:00,2024-09-12T04:59:59+09:00,0,scheduled
18,1,2024-10-03T12:00:00+09:00,2024-10-10T04:59:59+09:00,0,scheduled
19,1,2024-10-31T12:00:00+09:00,2024-11-01T22:00:00+09:00,0,suspended
19,2,2024-11-08T12:00:00+09:00,2024-11-12T18:00:00+09:00,0,suspended
19,3,2024-11-13T12:00:00+09:00,2024-11-17T05:00:00+09:00,0,extended
20,1,2024-12-12T12:00:00+09:00,2024-12-19T04:59:59+09:00,0,scheduled
21,1,2025-01-09T12:00:00+09:00,2025-01-16T04:59:59+09:00,0,scheduled
22,1,2025-02-06T12:00:00+09:00,2025-02-13T04:59:59+09:00,0,scheduled
23,1,2025-03-06T12:00:00+09:00,2025-03-13T04:59:59+09:00,0,scheduled
24,1,2025-04-03T12:00:00+09:00,2025-04-10T04:59:59+09:00,0,scheduled
25,1,2025-05-08T12:00:00+09:00,2025-05-15T04:59:59+09:00,0,scheduled
26,1,2025-06-19T12:00:00+09:00,2025-06-20T00:00:00+09:00,0,suspended
26,2,2025-06-24T00:00:00+09:00,2025-06-26T00:00:00+09:00,1,suspended
26,3,2025-07-03T00:00:00+09:00,2025-07-10T04:59:59+09:00,1,scheduled
27,1,2025-07-24T12:00:00+09:00,2025-07-31T04:59:59+09:00,0,scheduled
28,1,2025-08-21T12:00:00+09:00,2025-08-26T17:00:00+09:00,0,suspended
28,2,2025-08-26T21:00:00+09:00,2025-09-01T04:59:59+09:00,0,extended
29,1,2025-09-16T12:00:00+09:00,2025-09-23T04:59:59+09:00,0,scheduled
30,1,2025-10-09T12:00:00+09:00,2025-10-16T04:59:59+09:00,0,scheduled
31,1,2025-11-13T12:00:00+09:00,2025-11-20T04:59:59+09:00,0,scheduled
32,1,2025-12-11T12:00:00+09:00,2025-12-18T04:59:59+09:00,0,scheduled
33,1,2026-01-08T12:00:00+09:00,2026-01-15T04:59:59+09:00,0,scheduled
34,1,2026-02-19T12:00:00+09:00,2026-02-26T04:59:59+09:00,0,scheduled
35,1,2026-03-20T12:00:00+09:00,2026-03-27T04:59:59+09:00,0,scheduled
36,1,2026-04-30T12:00:00+09:00,2026-05-07T04:59:59+09:00,0,scheduled
37,1,2026-05-28T00:00:00+09:00,2026-06-04T04:59:59+09:00,1,scheduled
38,1,2026-06-18T12:00:00+09:00,2026-06-23T04:59:59+09:00,0,suspended
38,2,2026-07-03T12:00:00+09:00,2026-07-08T04:59:59+09:00,0,scheduled
39,1,2026-07-16T12:00:00+09:00,2026-07-23T04:59:59+09:00,0,scheduled
40,1,2026-08-20T12:00:00+09:00,2026-08-27T04:59:59+09:00,0,scheduled
41,1,2026-09-24T12:00:00+09:00,2026-10-01T04:59:59+09:00,0,scheduled
