season,kind,start_at,end_at,stated_season,element,weak_element,boss_ko,notice_id,notice_published_at,notice_title,evidence
1,open,2023-05-11T12:00:00+09:00,2023-05-18T04:59:59+09:00,,,,,official:ea9e0acea1741a4a52ab491aaee2e4d8e3b8,2023-04-25T20:31:21+09:00,4월 27일 업데이트 공지,신규 콘텐츠 솔로 레이드는 5월11일 12:00:00(UTC+9)에 오픈됩니다. 솔로 단위로 여러개의 파티를 사용하여 보스를 도전하고 보상으로 큐브 재료를 획득하실 수 있습니다. 도전 난이도는 가장 높은 누적 피해량을 보유한 기준으로 랭킹 순위를 정하고 랭킹에 따라 보상으로 쥬얼을 획득하실 수 있습니다. / *오픈 시간: 2023년 5월11일 12:00:00 ~ 2023년 5월 18일 4:59:59 (UTC+9)
1,issue,,,,,,,naver:1958734,2023-05-11T15:30:54+09:00,솔로 레이드 빠른 전투 관련 안내(5/11 19:45 내용 추가),솔로 레이드 빠른 전투 관련 안내(5/11 19:45 내용 추가)
1,issue,,,,,,,naver:1965960,2023-05-12T20:00:37+09:00,📢 솔로 레이드 관련 안내,📢 솔로 레이드 관련 안내
2,open,2023-06-08T12:00:00+09:00,2023-06-15T04:59:59+09:00,,,,,official:6b114240a70f1a4ebda86c1aefe343bb2a59,2023-05-29T17:38:39+09:00,6월 1일 업데이트 공지[6월 1일 15:00 업데이트],"솔로 레이드는 6월8일 12:00:00(UTC+9)에 오픈됩니다. 솔로 단위로 여러개의 파티를 사용하여 보스를 도전하고 보상으로 큐브 재료를 획득하실 수 있습니다. 도전 난이도에선 가장 높은 누적 피해량을 보유한 기준으로 랭킹 순위를 정하고, 랭킹에 따라 보상으로 쥬얼을 획득하실 수 있습니다. / *오픈 시간: 2023년 6월8일 12:00:00 ~ 2023년 6월 15일 4:59:59 (UTC+9)"
3,open,2023-07-13T12:00:00+09:00,2023-07-20T04:59:59+09:00,,,,,official:28a9884baa793a496fa815faa015cc054b48,2023-07-03T18:24:23+09:00,7월 6일 업데이트 공지(7월 6일 23:20 내용 수정),"솔로 레이드는 7월13일 12:00:00(UTC+9)에 오픈됩니다. 솔로 단위로 여러개의 파티를 사용하여 보스를 도전하고 보상으로 큐브 재료를 획득하실 수 있습니다. 도전 난이도에선 가장 높은 누적 피해량을 보유한 기준으로 랭킹 순위를 정하고, 랭킹에 따라 보상으로 쥬얼을 획득하실 수 있습니다. / *오픈 시간: 2023년 7월13일 12:00:00 ~ 2023년 7월 20일 4:59:59 (UTC+9) (7/6 내용 수정)"
4,open,2023-08-10T12:00:00+09:00,2023-08-17T04:59:59+09:00,,,,,official:81bfbb8faaf71a49a6a8fa7a764a809866ec,2023-07-31T19:21:03+09:00,8월 3일 업데이트 공지(8/8 내용 추가),"솔로 레이드는 8월10일 12:00:00(UTC+9)에 오픈됩니다. 솔로 단위로 여러개의 파티를 사용하여 보스를 도전하고 보상으로 큐브 재료를 획득하실 수 있습니다. 도전 난이도에선 가장 높은 누적 피해량을 보유한 기준으로 랭킹 순위를 정하고, 랭킹에 따라 보상으로 쥬얼을 획득하실 수 있습니다. / *오픈 시간: 2023년 8월 10일 12:00:00 ~ 2023년 8월 17일 4:59:59 (UTC+9)"
5,open,2023-09-14T12:00:00+09:00,2023-09-21T04:59:59+09:00,,,,,official:19eaeaeea037ea4bb9abf41a9b9d92488597,2023-08-28T17:04:08+09:00,9월 1일 업데이트 공지(9/6 업데이트),"솔로 레이드는 9월14일 12:00:00(UTC+9)에 오픈됩니다. 솔로 단위로 여러개의 파티를 사용하여 보스를 도전하고 보상으로 큐브 재료를 획득하실 수 있습니다. 도전 난이도에선 가장 높은 누적 피해량을 보유한 기준으로 랭킹 순위를 정하고, 랭킹에 따라 보상으로 한정 프레임, 쥬얼을 획득하실 수 있습니다.(9/6 내용 추가) / *오픈 시간: 2023년 9월14일 12:00:00 ~ 2023년 9월21일 4:59:59 (UTC+9)"
6,open,2023-10-12T12:00:00+09:00,2023-10-19T04:59:59+09:00,,,,,official:39990bc8a0122a42f8ab9aeaed08b0404504,2023-10-02T14:55:00+09:00,10월 5일 신규 추가 컨텐츠 안내,"솔로 레이드는 10월 12일 12:00:00(UTC+9)에 오픈됩니다. 솔로 단위로 여러개의 파티를 사용하여 보스를 도전하고 보상으로 큐브 재료를 획득하실 수 있습니다. 도전 난이도에선 가장 높은 누적 피해량을 보유한 기준으로 랭킹 순위를 정하고, 랭킹에 따라 보상으로 한정 프레임, 쥬얼을 획득하실 수 있습니다. / *오픈 시간: 2023년 10월 12일 12:00:00 ~ 2023년 10월 19일 4:59:59 (UTC+9)"
7,open,2023-11-09T12:00:00+09:00,2023-11-16T04:59:59+09:00,,,,,official:e0018585a4c07a416aa9411a235a0290da5c,2023-10-30T19:35:01+09:00,11월 2일 업데이트 공지(11/27 내용 수정),"솔로 레이드는 11월 9일 12:00:00(UTC+9)에 오픈됩니다. 솔로 단위로 여러개의 파티를 사용하여 보스를 도전하고 보상으로 큐브 재료를 획득하실 수 있습니다. 도전 난이도에선 가장 높은 누적 피해량을 보유한 기준으로 랭킹 순위를 정하고, 랭킹에 따라 보상으로 한정 프레임, 쥬얼을 획득하실 수 있습니다. / *오픈 시간: 2023년 11월 9일 12:00:00 ~ 2023년 11월 16일 4:59:59 (UTC+9)"
8,postpone,,,,,,,naver:3241248,2023-12-08T00:12:47+09:00,솔로 레이드 연기 안내,12월 8일(금) 오픈 예정이었던 솔로 레이드가 연기될 예정입니다.
8,open,2023-12-08T12:00:00+09:00,2023-12-15T04:59:59+09:00,,,,,official:58221644ac180a474aa9c48a3267cb8b051a,2023-12-04T16:42:25+09:00,12월 7일 업데이트 공지,"솔로 레이드는 12월 8일 12:00:00(UTC+9)에 오픈됩니다. 솔로 단위로 여러개의 파티를 사용하여 보스를 도전하고 보상으로 큐브 재료를 획득하실 수 있습니다. 도전 난이도에선 가장 높은 누적 피해량을 보유한 기준으로 랭킹 순위를 정하고, 랭킹에 따라 보상으로 한정 프레임, 쥬얼을 획득하실 수 있습니다. / *오픈 시간: 2023년 12월 8일 12:00:00 ~ 2023년 12월 15일 4:59:59 (UTC+9)"
8,open,2023-12-14T12:00:00+09:00,2023-12-21T04:59:59+09:00,,,,,official:fa27b86ca1618a441baad32a541da14a28b2,2023-12-12T16:30:21+09:00,12월 13일 업데이트 공지(12/13 내용 수정),"솔로 레이드는 12월 14일 12:00:00(UTC+9)에 오픈됩니다. 솔로 단위로 여러개의 파티를 사용하여 보스를 도전하고 보상으로 큐브 재료를 획득하실 수 있습니다. 도전 난이도에선 가장 높은 누적 피해량을 보유한 기준으로 랭킹 순위를 정하고, 랭킹에 따라 보상으로 한정 프레임, 쥬얼을 획득하실 수 있습니다. / *오픈 시간: 2023년 12월 14일 12:00:00 ~ 2023년 12월 21일 4:59:59 (UTC+9)"
9,open,2024-01-04T12:00:00+09:00,2024-01-11T04:59:59+09:00,,,,,official:617232e2ac963a4d5fa9ed4a860bfde78848,2023-12-25T17:38:34+09:00,12월 28일 업데이트 사전 공지,"솔로 레이드는 2024년 1월 4일 12:00:00(UTC+9)에 오픈됩니다. 솔로 단위로 여러개의 파티를 사용하여 보스를 도전하고 보상으로 큐브 재료를 획득하실 수 있습니다. 도전 난이도에선 가장 높은 누적 피해량을 보유한 기준으로 랭킹 순위를 정하고, 랭킹에 따라 보상으로 한정 프레임, 쥬얼을 획득하실 수 있습니다. / *오픈 시간: 2024년 1월 4일 12:00:00 ~ 2024년 1월 11일 4:59:59 (UTC+9)"
10,open,2024-02-09T12:00:00+09:00,2024-02-16T04:59:59+09:00,,,,,official:bdce938da89f4a45e1ab627ae8de53a3fbe0,2024-02-01T16:55:00+09:00,2월 5일 업데이트 공지,"솔로 레이드가 2024년 2월 9일 12:00:00(UTC+9)에 오픈됩니다. 솔로 단위로 여러개의 파티를 사용하여 보스를 도전하고 보상으로 큐브 재료를 획득하실 수 있습니다. 도전 난이도에선 가장 높은 누적 피해량을 보유한 기준으로 랭킹 순위를 정하고, 랭킹에 따라 보상으로 한정 프레임, 쥬얼을 획득하실 수 있습니다. / *오픈 시간: 2024년 2월 9일 12:00:00 ~ 2024년 2월 16일 4:59:59 (UTC+9)"
11,open,2024-03-08T12:00:00+09:00,2024-03-15T04:59:59+09:00,,,,,official:b2a445cca7213a4532a9543acf675324d34f,2024-03-04T18:55:00+09:00,3월 7일 업데이트 공지(3/8 내용 추가),"솔로 레이드가 2024년 3월 8일 12:00:00(UTC+9)에 오픈됩니다. 솔로 단위로 여러개의 파티를 사용하여 보스를 도전하고 보상으로 큐브 재료를 획득하실 수 있습니다. 도전 난이도에선 가장 높은 누적 피해량을 보유한 기준으로 랭킹 순위를 정하고, 랭킹에 따라 보상으로 한정 프레임, 쥬얼을 획득하실 수 있습니다. / *오픈 시간: 2024년 3월 8일 12:00:00 ~ 2024년 3월 15일 4:59:59 (UTC+9)"
12,open,2024-04-04T12:00:00+09:00,2024-04-11T04:59:59+09:00,,,,,official:5605ded7aee3ea439ea9d90a823309f6b46e,2024-03-21T06:53:25+09:00,3월 21일 업데이트 공지(4/1 내용 추가),"솔로 레이드가 4월 4일 12:00:00 (UTC+9)에 오픈됩니다. 솔로 단위로 여러개의 파티를 사용하여 보스를 도전하고 보상으로 큐브 재료를 획득하실 수 있습니다. 도전 난이도에선 가장 높은 누적 피해량을 보유한 기준으로 랭킹 순위를 정하고, 랭킹에 따라 보상으로 한정 프레임, 쥬얼을 획득하실 수 있습니다. / *오픈 시간: 2024년 4월 4일 12:00:00 ~ 2024년 4월 11일 4:59:59 (UTC+9)"
13,open,2024-05-02T12:00:00+09:00,2024-05-09T04:59:59+09:00,,,,,official:4416fa63a8e43a497fab52cad70e488dc20d,2024-04-25T06:55:00+09:00,4월 25일 업데이트 공지,"솔로 레이드가 2024년 5월 2일 12:00:00 (UTC+9)에 오픈됩니다. 솔로 단위로 여러개의 파티를 사용하여 보스를 도전하고 보상으로 큐브 재료를 획득하실 수 있습니다. 도전 난이도에선 가장 높은 누적 피해량을 보유한 기준으로 랭킹 순위를 정하고, 랭킹에 따라 보상으로 한정 프레임, 쥬얼을 획득하실 수 있습니다. / *오픈 시간: 2024년 5월 2일 12:00:00 ~ 2024년 5월 9일 4:59:59 (UTC+9)"
14,open,2024-06-06T12:00:00+09:00,2024-06-13T04:59:59+09:00,,,,,official:1d99bc12a357ca470da83eda74655bb1fb27,2024-05-30T19:03:57+09:00,5월 30일 업데이트 공지(6/3 내용 추가),"솔로 레이드가 2024년 6월 6일 12:00:00 (UTC+9)에 오픈됩니다. 솔로 단위로 여러개의 파티를 사용하여 보스를 도전하고 보상으로 큐브 재료와 애장품 및 소장품 재료를 획득하실 수 있습니다. 도전 난이도에선 가장 높은 누적 피해량을 보유한 기준으로 랭킹 순위를 정하고, 랭킹에 따라 보상으로 한정 프레임, 쥬얼을 획득하실 수 있습니다. / *오픈 시간: 2024년 6월 6일 12:00:00 ~ 2024년 6월 13일 4:59:59 (UTC+9)"
15,open,2024-07-11T12:00:00+09:00,2024-07-18T04:59:59+09:00,,,,황금 크라켄,official:294ad293a4ab6a4bf9aa8baa2bcfaa8dbf5e,2024-07-04T06:54:47+09:00,7월 4일 업데이트 공지,"솔로 레이드가 2024년 7월 11일 12:00:00 (UTC+9)에 오픈됩니다. 솔로 단위로 여러개의 파티를 사용하여 보스 [황금 크라켄]을 도전하고 보상으로 큐브 재료와 애장품 및 소장품 재료를 획득하실 수 있습니다. 도전 난이도에선 가장 높은 누적 피해량을 보유한 기준으로 랭킹 순위를 정하고, 랭킹에 따라 보상으로 한정 프레임, 쥬얼을 획득하실 수 있 / *오픈 시간: 2024년 7월 11일 12:00:00 ~ 2024년 7월 18일 4:59:59 (UTC+9)"
16,open,2024-08-02T12:00:00+09:00,2024-08-09T04:59:59+09:00,,,,,official:609dc42cabae4a48d3a9977add79c761103e,2024-07-22T18:00:00+09:00,7월 25일 업데이트 공지(8/1 내용 추가),솔로 레이드는 2024년 8월 2일 12:00:00 (UTC+9)에 오픈됩니다. 솔로 단위로 여러개의 파티를 사용하여 보스를 도전하고 보상으로 큐브 재료와 애장품 및 소장품 재료를 획득하실 수 있습니다. / *오픈 시간: 2024년 8월 2일 12:00:00 ~ 2024년 8월 9일 4:59:59 (UTC+9)
17,open,2024-09-05T12:00:00+09:00,2024-09-12T04:59:59+09:00,,,,,official:6887504fa1db3a4f56a8060a7d733ae1311f,2024-08-22T06:57:15+09:00,8월 22일 업데이트 공지(8/30 내용 추가),솔로 레이드는 2024년 9월 5일 12:00:00 (UTC+9)에 오픈됩니다.솔로 단위로 여러개의 파티를 사용하여 보스를 도전하고 보상으로 큐브 재료와 애장품 및 소장품 재료를 획득하실 수 있습니다. / *오픈 시간: 2024년 9월 5일 12:00:00 ~ 2024년9월 12일 4:59:59 (UTC+9)
18,open,2024-10-03T12:00:00+09:00,2024-10-10T04:59:59+09:00,,,,,official:ca1fa17eab7e5a485fa952bacb73fce5a6f0,2024-10-01T13:25:45+09:00,10월 3일 신규 추가 콘텐츠 안내,솔로 레이드가 2024년 10월 3일 12:00:00 (UTC+9)에 오픈됩니다. 솔로 단위로 여러개의 파티를 사용하여 보스를 도전하고 보상으로 큐브 재료와 애장품 및 소장품 재료를 획득하실 수 있습니다. / *오픈 시간: 2024년 10월 3일 12:00:00 ~ 2024년 10월 10일 4:59:59 (UTC+9)
19,open,2024-10-31T12:00:00+09:00,2024-11-07T04:59:59+09:00,,,,,official:80afaa1baf61ea487baaed1a88776bbb30f9,2024-10-31T07:00:00+09:00,10월 31일 업데이트 공지(10월 31일 공지 수정),"솔로 레이드가 2024년 10월 31일 서버 점검 종료 이후에 오픈됩니다. 솔로 단위로 여러개의 파티를 사용하여 보스를 도전하고 보상으로 큐브 재료와 애장품 및 소장품 관리 재료를 획득하실 수 있습니다. 도전 난이도에선 가장 높은 누적 피해량을 보유한 기준으로 랭킹 순위를 정하고, 랭킹에 따라 보상으로 한정 프레임, 쥬얼을 획득하실 수 있습니다. / *오픈 시간: 2024년 10월 31일 12:00:00 ~ 2024년 11월 7일 4:59:59 (UTC+9)"
19,suspend,2024-11-01T22:00:00+09:00,,19,,,,naver:5013873,2024-11-01T15:51:48+09:00,솔로 레이드 일시 중단 안내(11/1 내용 추가),일시: 11월 1일(금) 22:00
19,open,2024-11-08T12:00:00+09:00,2024-11-15T04:59:59+09:00,,,,,official:9dc8e9e7a1687a4ec3aae89aacd40a2d3291,2024-11-07T04:02:04+09:00,11월 7일 업데이트 공지,"솔로 레이드가 2024년 11월 8일 12:00:00 (UTC+9)에 오픈됩니다. 솔로 단위로 여러개의 파티를 사용하여 보스를 도전하고 보상으로 큐브 재료와 애장품 및 소장품 관리 재료를 획득하실 수 있습니다. 도전 난이도에선 가장 높은 누적 피해량을 보유한 기준으로 랭킹 순위를 정하고, 랭킹에 따라 보상으로 한정 프레임, 쥬얼을 획득하실 수 있습니다. / *오픈 시간: 2024년 11월 8일 12:00:00 ~ 2024년 11월 15일 4:59:59 (UTC+9)"
19,issue,,,,,,,naver:5084065,2024-11-11T16:30:33+09:00,솔로 레이드 내 비정상적인 플레이 관련 안내,솔로 레이드 내 비정상적인 플레이 관련 안내
19,reset,,,19,,,,naver:5089411,2024-11-12T16:38:20+09:00,솔로 레이드 시즌 19 일시 중단 및 챌린지 모드 기록 초기화 사전 안내,솔로 레이드 챌린지 모드의 기록이 초기화되며
19,extend,,2024-11-17T05:00:00+09:00,19,,,,naver:5089411,2024-11-12T16:38:20+09:00,솔로 레이드 시즌 19 일시 중단 및 챌린지 모드 기록 초기화 사전 안내,솔로 레이드 시즌 19 진행 기간 연장: 11/17(일) 5:00까지
19,suspend,2024-11-12T18:00:00+09:00,,19,,,,naver:5089411,2024-11-12T16:38:20+09:00,솔로 레이드 시즌 19 일시 중단 및 챌린지 모드 기록 초기화 사전 안내,11월 12일(화) 18:00에 일시 중단됩니다.
19,suspend,2024-11-12T18:00:00+09:00,2024-11-13T12:00:00+09:00,19,,,,naver:5089411,2024-11-12T16:38:20+09:00,솔로 레이드 시즌 19 일시 중단 및 챌린지 모드 기록 초기화 사전 안내,솔로 레이드 시즌 19 일시 중단 기간: 11/12일(화) 18:00 ~ 11/13(수) 12:00
20,open,2024-12-12T12:00:00+09:00,2024-12-19T04:59:59+09:00,,,,,official:a5756065aaf44a4857aa7dbaa9d1d09062a0,2024-12-02T18:40:15+09:00,12월 5일 업데이트 공지,"솔로 레이드가 2024년 12월 12일 12:00:00 (UTC+9)에 오픈됩니다. 다수의 파티를 사용하여 보스를 도전하고 큐브 재료와 애장품 및 소장품 재료를 보상으로 획득하실 수 있습니다. 도전 난이도는 가장 높은 누적 피해량을 보유한 기준으로 랭킹 순위가 결정되며 랭킹에 따라 보상으로 한정 프레임, 쥬얼을 획득하실 수 있습니다. / *오픈 시간: 2024년 12월 12일 12:00:00 ~ 2024년 12월 19일 4:59:59 (UTC+9)"
21,open,2025-01-09T12:00:00+09:00,2025-01-16T04:59:59+09:00,,,,,official:2f124073acac3a4a8ba8f74a16075ccbe41e,2024-12-24T16:30:00+09:00,12월 26일 업데이트 공지,"솔로 레이드가 2025년 1월 9일 12:00:00 (UTC+9)에 오픈됩니다. 다수의 파티를 사용하여 보스를 도전하고 큐브 재료와 애장품 및 소장품 재료를 보상으로 획득하실 수 있습니다. 도전 난이도는 가장 높은 누적 피해량을 보유한 기준으로 랭킹 순위가 결정되며 랭킹에 따라 보상으로 한정 프레임, 쥬얼을 획득하실 수 있습니다. / *오픈 시간: 2025년 1월 9일 12:00:00 ~ 2025년 1월 16일 4:59:59 (UTC+9)"
22,open,2025-02-06T12:00:00+09:00,2025-02-13T04:59:59+09:00,,,,,official:c32f2603a9cfda4410aaa90ac11019ac5f0a,2025-01-21T18:02:00+09:00,1월 23일 업데이트 공지(1/24 내용 수정),솔로 레이드가 2025년 2월 6일 12:00:00 (UTC+9)에 오픈됩니다. 다수의 스쿼드로 보스 전투에 도전하여 큐브 강화 재료와 애장품 및 소장품 관리 재료를 보상으로 획득하실 수 있습니다. 도전 난이도의 랭킹 순위는 누적 피해량을 기준으로 결정되며 랭킹에 따라 보상을 획득하실 수 있습니다. / *오픈 시간: 2025년 2월 6일 12:00:00 ~ 2025년 2월 13일 4:59:59 (UTC+9)
23,open,2025-03-06T12:00:00+09:00,2025-03-13T04:59:59+09:00,,,,,official:4f3eb89fabf3ea4406a9e87a83a69a3bd5ab,2025-02-20T09:09:44+09:00,2월 20일 업데이트 공지,"솔로 레이드가 2025년 3월 6일 12:00:00 (UTC+9)에 오픈됩니다. 다수의 스쿼드로 보스 전투에 도전하여 큐브 강화 재료와 애장품 및 소장품 관리 재료를 보상으로 획득하실 수 있습니다. 도전 난이도의 랭킹 순위는 누적 피해량을 기준으로 결정되며 랭킹에 따라 보상으로 한정 프레임, 쥬얼을 획득하실 수 있습니다. / *오픈 시간: 2025년 3월 6일 12:00:00 ~ 2025년 3월 13일 4:59:59 (UTC+9)"
24,open,2025-04-03T12:00:00+09:00,2025-04-10T04:59:59+09:00,,,,,official:1e8c3109ae3f7a489aa9bc5afae3a49d276e,2025-03-24T17:01:00+09:00,3월 27일 업데이트 공지 (3월 31일 공지 수정),"솔로 레이드가 2025년 4월 3일 12:00:00 (UTC+9)에 오픈됩니다. 다수의 스쿼드로 보스 전투에 도전하여 큐브 강화 재료와 애장품 및 소장품 관리 재료를 보상으로 획득하실 수 있습니다. 도전 난이도의 랭킹 순위는 누적 피해량을 기준으로 결정되며 랭킹에 따라 보상으로 한정 프레임, 쥬얼을 획득하실 수 있습니다. / *오픈 시간: 2025년 4월 3일 12:00:00 ~ 2025년 4월 10일 4:59:59 (UTC+9)"
25,open,2025-05-08T12:00:00+09:00,2025-05-15T04:59:59+09:00,,,,,official:7c721e45a7dd0a493fa920dafc48037b2cb3,2025-04-21T19:00:00+09:00,4월 24일 업데이트 공지,"솔로 레이드가 2025년 5월 8일 12:00:00에 오픈됩니다. 다수의 스쿼드로 보스 전투에 도전하여 큐브 강화 재료와 애장품 및 소장품 관리 재료를 보상으로 획득하실 수 있습니다. 도전 난이도의 랭킹 순위는 누적 피해량을 기준으로 결정되며 랭킹에 따라 보상으로 한정 프레임, 쥬얼을 획득하실 수 있습니다. / *오픈 시간: 2025년 5월 8일 12:00:00 ~ 2025년 5월 15일 4:59:59 (UTC+9)"
26,open,2025-06-19T12:00:00+09:00,2025-06-26T04:59:59+09:00,,,,,official:0f766029a6a7da44dda8a83a6d6898729154,2025-06-09T18:00:00+09:00,6월 12일 업데이트 공지,"솔로 레이드가 2025년 6월 19일 12:00:00에 오픈됩니다. 다수의 스쿼드로 보스 전투에 도전하여 큐브 강화 재료와 애장품 및 소장품 관리 재료를 보상으로 획득하실 수 있습니다. 도전 난이도의 랭킹 순위는 누적 피해량을 기준으로 결정되며 랭킹에 따라 보상으로 한정 프레임, 쥬얼을 획득하실 수 있습니다. / *오픈 시간: 2025년 6월 19일 12:00:00 ~ 2025년 6월 26일 4:59:59 (UTC+9)"
26,suspend,2025-06-20T00:00:00+09:00,,26,,,,naver:6225681,2025-06-19T21:18:55+09:00,솔로 레이드 시즌 26 재오픈 안내(6/24 내용 추가),6월 20일(금) 00:00부터 일시적으로 중단될 예정입니다.
26,reopen,2025-06-24T00:00:00+09:00,2025-07-01T04:59:59+09:00,26,,,,naver:6225681,2025-06-19T21:18:55+09:00,솔로 레이드 시즌 26 재오픈 안내(6/24 내용 추가),진행 기간: 6/24(화) 점검 완료 후 ~ 7/1(화) 4:59
26,suspend,2025-06-26T00:00:00+09:00,,26,,,,naver:6252194,2025-06-25T19:02:35+09:00,솔로 레이드 시즌 26 일시 중단 안내(6/26 내용 추가),중단 일시: 6월 26일(목) 00:00 ~ 추후 안내
26,open,2025-07-03T00:00:00+09:00,2025-07-10T04:59:59+09:00,26,,,,official:07f3b6daa46f1a4c25aa04aafc00a7bd88d6,2025-06-30T18:52:50+09:00,7월 3일 업데이트 공지 (7월 3일 공지 수정),"솔로 레이드 시즌 26가 2025년 7월 3일 서버 점검 종료 이후 오픈됩니다. 다수의 스쿼드로 보스 전투에 도전하여 큐브 강화 재료와 애장품 및 소장품 관리 재료를 보상으로 획득하실 수 있습니다. 도전 난이도의 랭킹 순위는 누적 피해량을 기준으로 결정되며 랭킹에 따라 보상으로 한정 프레임, 쥬얼을 획득하실 수 있습니다. / *오픈 시간: 2025년 7월 3일 서버 점검 종료 이후 ~ 2025년 7월 10일 4:59:59 (UTC+9)"
26,reschedule,2025-07-03T00:00:00+09:00,2025-07-10T04:59:59+09:00,26,,,,official:30232534a79dea4c9ca8d06a8a975b35b593,2025-07-01T13:25:44+09:00,7월 1일 업데이트 공지,솔로 레이드 시즌26의 진행 기간이 아래와 같이 변경됩니다. / └ 2025년 7월 3일 서버 점검 종료 이후 ~ 2025년 7월 10일 4:59:59 (UTC+9)
27,open,2025-07-24T12:00:00+09:00,2025-07-31T04:59:59+09:00,,,,,official:e2e44a7fa2826a40cea953ea69d7d50798b4,2025-07-14T17:34:22+09:00,7월 17일 업데이트 공지,"솔로 레이드가 2025년 7월 24일 12:00:00에 오픈됩니다. 다수의 스쿼드로 보스 전투에 도전하여 큐브 강화 재료와 애장품 및 소장품 관리 재료를 보상으로 획득하실 수 있습니다. 도전 난이도의 랭킹 순위는 누적 피해량을 기준으로 결정되며 랭킹에 따라 보상으로 한정 프레임, 쥬얼을 획득하실 수 있습니다. / *오픈 시간: 2025년 7월 24일 12:00:00 ~ 2025년 7월 31일 4:59:59 (UTC+9)"
28,open,2025-08-21T12:00:00+09:00,2025-08-28T04:59:59+09:00,28,,,,official:3f10ea29a2a50a49f4abb6aa87250731cd73,2025-08-04T17:57:34+09:00,8월 7일 업데이트 공지,"솔로 레이드 시즌 28이 2025년 8월 21일 12:00:00에 오픈됩니다. 다수의 스쿼드로 보스 전투에 도전하여 큐브 강화 재료와 애장품 및 소장품 관리 재료를 보상으로 획득하실 수 있습니다. 도전 난이도의 랭킹 순위는 누적 피해량을 기준으로 결정되며 랭킹에 따라 보상으로 한정 프레임, 쥬얼을 획득하실 수 있습니다. / *오픈 시간: 2025년 8월 21일 12:00:00 ~ 2025년 8월 28일 4:59:59 (UTC+9)"
28,issue,,,,,,,naver:6576868,2025-08-25T16:12:30+09:00,솔로 레이드 관련 안내,솔로 레이드 관련 안내
28,reset,,,28,,,,naver:6579018,2025-08-26T01:07:37+09:00,솔로 레이드 시즌 28 일시 중단 및 챌린지 모드 기록 초기화 사전 안내,솔로 레이드 챌린지 모드의 기록이 초기화되고
28,suspend,2025-08-26T17:00:00+09:00,,28,,,,naver:6579018,2025-08-26T01:07:37+09:00,솔로 레이드 시즌 28 일시 중단 및 챌린지 모드 기록 초기화 사전 안내,8월 26일(화) 17:00에 일시 중단됩니다.
28,suspend,2025-08-26T17:00:00+09:00,2025-08-26T21:00:00+09:00,28,,,,naver:6579018,2025-08-26T01:07:37+09:00,솔로 레이드 시즌 28 일시 중단 및 챌린지 모드 기록 초기화 사전 안내,솔로 레이드 시즌 28 일시 중단 기간: 8/26일(화) 17:00 ~ 21:00
28,extend,2025-08-26T21:00:00+09:00,2025-09-01T04:59:59+09:00,28,,,,naver:6579018,2025-08-26T01:07:37+09:00,솔로 레이드 시즌 28 일시 중단 및 챌린지 모드 기록 초기화 사전 안내,솔로 레이드 시즌 28 연장 기간: 8/26(화) 21:00 ~ 9/1(월) 4:59
29,open,2025-09-16T12:00:00+09:00,2025-09-23T04:59:59+09:00,29,,,,official:078bf3dfa8a30a43d0aa200adcce2633a1b0,2025-09-01T17:33:31+09:00,9월 4일 업데이트 공지,"솔로 레이드 시즌 29가 2025년 9월 16일 12:00:00에 오픈됩니다. 다수의 스쿼드로 보스 전투에 도전하여 큐브 강화 재료와 애장품 및 소장품 관리 재료를 보상으로 획득하실 수 있습니다. 도전 난이도의 랭킹 순위는 누적 피해량을 기준으로 결정되며 랭킹에 따라 보상으로 한정 프레임, 쥬얼을 획득하실 수 있습니다. / *오픈 시간: 2025년 9월 16일 12:00:00 ~ 2025년 9월 23일 4:59:59 (UTC+9)"
29,issue,,,,,,,naver:6675818,2025-09-16T18:36:28+09:00,솔로 레이드 관련 진행 상황 안내,솔로 레이드 관련 진행 상황 안내
30,open,2025-10-09T12:00:00+09:00,2025-10-16T04:59:59+09:00,30,,,,official:23d41d37ad8aca45f3aabc8aaf06772b67bc,2025-09-24T10:30:50+09:00,9월 24일 업데이트 공지,"솔로 레이드 시즌 30이 2025년 10월 9일 12:00:00에 오픈됩니다. 다수의 스쿼드로 보스 전투에 도전하여 큐브 강화 재료와 애장품 및 소장품 관리 재료를 보상으로 획득하실 수 있습니다. 도전 난이도의 랭킹 순위는 누적 피해량을 기준으로 결정되며 랭킹에 따라 보상으로 한정 프레임, 쥬얼을 획득하실 수 있습니다. / *오픈 시간: 2025년 10월 9일 12:00:00 ~ 2025년 10월 16일 4:59:59 (UTC+9)"
30,issue,,,,,,차가운 심판자,naver:6780744,2025-10-11T18:32:32+09:00,솔로 레이드 - 차가운 심판자 관련 안내,솔로 레이드 - 차가운 심판자 관련 안내
30,issue,,,30,,,,naver:6787708,2025-10-13T18:52:38+09:00,솔로 레이드 시즌 30 이상 현상 관련 보상 안내,솔로 레이드 시즌 30 이상 현상 관련 보상 안내
31,open,2025-11-13T12:00:00+09:00,2025-11-20T04:59:59+09:00,31,,,,official:c286e420af258a4705aa2eeaf6a46c9a46f7,2025-10-27T17:07:14+09:00,10월 30일 업데이트 공지,"솔로 레이드 시즌 31이 2025년 11월 13일 12:00:00에 오픈됩니다. 다수의 스쿼드로 보스 전투에 도전하여 큐브 강화 재료와 애장품 및 소장품 관리 재료를 보상으로 획득하실 수 있습니다. 도전 난이도의 랭킹 순위는 누적 피해량을 기준으로 결정되며 랭킹에 따라 보상으로 한정 프레임, 쥬얼을 획득하실 수 있습니다. / *오픈 시간: 2025년 11월 13일 12:00:00 ~ 2025년 11월 20일 4:59:59 (UTC+9)"
32,open,2025-12-11T12:00:00+09:00,2025-12-18T04:59:59+09:00,32,,,,official:46bb619aa85c7a4112aadc0a428a23412af6,2025-12-01T17:00:00+09:00,12월 4일 업데이트 공지,"솔로 레이드 시즌 32가 2025년 12월 11일 12:00:00에 오픈됩니다. 다수의 스쿼드로 보스 전투에 도전하여 큐브 강화 재료와 애장품 및 소장품 관리 재료를 보상으로 획득하실 수 있습니다. 도전 난이도의 랭킹 순위는 누적 피해량을 기준으로 결정되며 랭킹에 따라 보상으로 한정 프레임, 쥬얼을 획득하실 수 있습니다. / *오픈 시간: 2025년 12월 11일 12:00:00 ~ 2025년 12월 18일 4:59:59 (UTC+9)"
33,open,2026-01-08T12:00:00+09:00,2026-01-15T04:59:59+09:00,33,,,,official:45eb4bb3a469ba4d02a8204a481245355c70,2025-12-29T20:33:40+09:00,12월 30일 업데이트 공지,"솔로 레이드 시즌 33이 2026년 1월 8일 12:00:00에 오픈됩니다. 다수의 스쿼드로 보스 전투에 도전하여 큐브 강화 재료와 애장품 및 소장품 관리 재료를 보상으로 획득하실 수 있습니다. 도전 난이도의 랭킹 순위는 누적 피해량을 기준으로 결정되며 랭킹에 따라 보상으로 한정 프레임, 쥬얼을 획득하실 수 있습니다. / *오픈 시간: 2026년 1월 8일 12:00:00 ~ 2026년 1월 15일 4:59:59 (UTC+9)"
34,open,2026-02-19T12:00:00+09:00,2026-02-26T04:59:59+09:00,34,,,,official:1c0f35a1a8293a4274a9681a35cde3feca74,2026-02-09T17:21:46+09:00,2월 12일 업데이트 공지,"솔로 레이드 시즌 34가 2026년 2월 19일 12:00:00에 오픈됩니다. 다수의 스쿼드로 보스 전투에 도전하여 큐브 강화 재료와 애장품 및 소장품 관리 재료를 보상으로 획득하실 수 있습니다. 도전 난이도의 랭킹 순위는 누적 피해량을 기준으로 결정되며 랭킹에 따라 보상으로 한정 프레임, 쥬얼을 획득하실 수 있습니다. / *오픈 시간: 2026년 2월 19일 12:00:00 ~ 2026년 2월 26일 4:59:59 (UTC+9)"
35,open,2026-03-20T12:00:00+09:00,2026-03-27T04:59:59+09:00,35,,,,official:8fb3f260a6b8fa4b9da826aa73f5a2bd47ac,2026-03-16T17:00:27+09:00,3월 19일 업데이트 공지,"솔로 레이드 시즌 35가 2026년 3월 20일 12:00:00에 오픈됩니다. 다수의 스쿼드로 보스 전투에 도전하여 큐브 강화 재료와 애장품 및 소장품 관리 재료를 보상으로 획득하실 수 있습니다. 도전 난이도의 랭킹 순위는 누적 피해량을 기준으로 결정되며 랭킹에 따라 보상으로 한정 프레임, 쥬얼을 획득하실 수 있습니다. / *오픈 시간: 2026년 3월 20일 12:00:00 ~ 2026년 3월 27일 4:59:59 (UTC+9)"
36,open,2026-04-30T12:00:00+09:00,2026-05-07T04:59:59+09:00,36,,,,official:1ae75158a5bb8a49a6a874dac55ebe5859e5,2026-04-20T17:03:55+09:00,4월 23일 업데이트 공지,"솔로 레이드 시즌 36이 2026년 4월 30일 12:00:00에 오픈됩니다. 다수의 스쿼드로 보스 전투에 도전하여 큐브 강화 재료와 애장품 및 소장품 관리 재료를 보상으로 획득하실 수 있습니다. 도전 난이도의 랭킹 순위는 누적 피해량을 기준으로 결정되며 랭킹에 따라 보상으로 한정 프레임, 쥬얼을 획득하실 수 있습니다. / *오픈 시간: 2026년 4월 30일 12:00:00 ~ 2026년 5월 7일 4:59:59 (UTC+9)"
37,open,2026-05-28T00:00:00+09:00,2026-06-04T04:59:59+09:00,37,,,,official:0675c61fa2f66a46f8abd1fad3d962209b5c,2026-05-25T16:59:00+09:00,5월 28일 업데이트 공지,"솔로 레이드 시즌 37이 2026년 5월 28일 서버 점검 종료 이후에 오픈됩니다. 다수의 스쿼드로 보스 전투에 도전하여 큐브 강화 재료와 애장품 및 소장품 관리 재료를 보상으로 획득하실 수 있습니다. 도전 난이도의 랭킹 순위는 누적 피해량을 기준으로 결정되며 랭킹에 따라 보상으로 한정 프레임, 쥬얼을 획득하실 수 있습니다. / *오픈 시간: 2026년 5월 28일 서버 점검 종료 이후 ~ 2026년 6월 4일 4:59:59 (UTC+9)"
38,open,2026-06-18T12:00:00+09:00,2026-06-25T04:59:59+09:00,38,,,,official:49aa55e2aba26a4955aa281a3c90a844bc53,2026-06-08T18:56:33+09:00,6월 11일 업데이트 공지,"솔로 레이드 시즌 38이 2026년 6월 18일 12:00:00에 오픈됩니다. 다수의 스쿼드로 보스 전투에 도전하여 큐브 강화 재료와 애장품 및 소장품 관리 재료를 보상으로 획득하실 수 있습니다. 도전 난이도의 랭킹 순위는 누적 피해량을 기준으로 결정되며 랭킹에 따라 보상으로 한정 프레임, 쥬얼을 획득하실 수 있습니다. / *오픈 시간: 2026년 6월 18일 12:00:00 ~ 2026년 6월 25일 4:59:59 (UTC+9)"
38,suspend,2026-06-23T04:59:59+09:00,,,,,애니힐리오,naver:7833931,2026-06-23T00:47:33+09:00,솔로 레이드 중단 및 분배 대미지 관련 이슈 안내,솔로 레이드 - 애니힐리오를 6월 23일(화) 4:59:59에 중단할 예정입니다.
38,reset,,,,,,,naver:7837735,2026-06-23T20:51:38+09:00,솔로 레이드 후속 처리 방안에 대한 추가 안내,"재오픈 시 기존 스테이지 진행도는 유지되지만, 챌린지 스테이지의 도전 기록은 초기화되며 재오픈 이후의 도전 기록을 기준으로 솔로 레이드 보상이 지급될 예정입니다."
38,reopen,2026-07-03T12:00:00+09:00,2026-07-08T04:59:59+09:00,,,,,naver:7837735,2026-06-23T20:51:38+09:00,솔로 레이드 후속 처리 방안에 대한 추가 안내,솔로 레이드 재오픈 기간: 7/3(금) 12:00 ~ 7/8(수) 4:59
38,reopen,2026-07-03T12:00:00+09:00,2026-07-08T04:59:59+09:00,38,,,,official:29f47298ad9d3a4a91a8438ac563bc29b89c,2026-06-29T19:15:13+09:00,7월 2일 업데이트 공지,"솔로 레이드 시즌 38이 2026년 7월 3일 12:00:00에 재오픈됩니다. 다수의 스쿼드로 보스 전투에 도전하여 큐브 강화 재료와 애장품 및 소장품 관리 재료를 보상으로 획득하실 수 있습니다. 도전 난이도의 랭킹 순위는 누적 피해량을 기준으로 결정되며 랭킹에 따라 보상으로 한정 프레임, 쥬얼을 획득하실 수 있습니다. / *오픈 시간: 2026년 7월 3일 12:00:00 ~ 2026년 7월 8일 4:59:59 (UTC+9)"
39,open,2026-07-16T12:00:00+09:00,2026-07-23T04:59:59+09:00,39,,,,official:29f47298ad9d3a4a91a8438ac563bc29b89c,2026-06-29T19:15:13+09:00,7월 2일 업데이트 공지,"솔로 레이드 시즌 39가 2026년 7월 16일 12:00:00에 오픈됩니다. 다수의 스쿼드로 보스 전투에 도전하여 큐브 강화 재료와 애장품 및 소장품 관리 재료를 보상으로 획득하실 수 있습니다. 도전 난이도의 랭킹 순위는 누적 피해량을 기준으로 결정되며 랭킹에 따라 보상으로 한정 프레임, 쥬얼을 획득하실 수 있습니다. / *오픈 시간: 2026년 7월 16일 12:00:00 ~ 2026년 7월 23일 4:59:59 (UTC+9)"
40,open,2026-08-20T12:00:00+09:00,2026-08-27T04:59:59+09:00,40,Wind,Fire,,official:8da875aaa35f6a4711a8d15a4900fd0f88eb,2026-08-10T17:01:01+09:00,8월 13일 업데이트 공지(8월 20일 공지 수정),"솔로 레이드 시즌 40이 2026년 8월 20일 12:00:00에 오픈됩니다. 다수의 스쿼드로 보스 전투에 도전하여 큐브 강화 재료와 애장품 및 소장품 관리 재료를 보상으로 획득하실 수 있습니다. 도전 난이도의 랭킹 순위는 누적 피해량을 기준으로 결정되며 랭킹에 따라 보상으로 한정 프레임, 쥬얼을 획득하실 수 있습니다. / *오픈 시간: 2026년 8월 20일 12:00:00 ~ 2026년 8월 27일 4:59:59 (UTC+9)"
40,issue,,,,,,사치스러운 거미,naver:8089996,2026-08-22T14:03:14+09:00,솔로 레이드 - 사치스러운 거미 관련 이슈 안내 (8/22 수정 완료),솔로 레이드 - 사치스러운 거미 관련 이슈 안내 (8/22 수정 완료)
40,issue,,,,,,사치스러운 거미,naver:8138246,2026-09-02T20:49:03+09:00,솔로 레이드 - 사치스러운 거미 비정상 데이터 처리 및 대응 결과 안내,솔로 레이드 - 사치스러운 거미 비정상 데이터 처리 및 대응 결과 안내
40,issue,,,,,,사치스러운 거미,official:5260f464afbe9a42a3a9c10a8692e2570aed,2026-09-02T20:49:20+09:00,솔로 레이드 - 사치스러운 거미 비정상 데이터 처리 및 대응 결과 안내,솔로 레이드 - 사치스러운 거미 비정상 데이터 처리 및 대응 결과 안내
41,open,2026-09-24T00:00:00+09:00,,41,,,리버렐리오 바디,official:b6727fd3afa3aa4a8daab4ba3ed13df374e0,2026-09-23T23:18:32+09:00,부정행위 제재 명단 안내 2026.9.23,솔로 레이드 시즌 41 - 리버렐리오 바디가 2026년 9월 24일에 오픈될 예정입니다.
41,open,2026-09-24T12:00:00+09:00,2026-10-01T04:59:59+09:00,41,Fire,Water,,official:656cdf7eaf40ea45f3a8e32ae94bf25093a4,2026-09-14T18:00:43+09:00,9월 17일 업데이트 공지,"솔로 레이드 시즌 41이 2026년 9월 24일 12:00:00에 오픈됩니다. 다수의 스쿼드로 보스 전투에 도전하여 큐브 강화 재료와 애장품 및 소장품 관리 재료를 보상으로 획득하실 수 있습니다. 도전 난이도의 랭킹 순위는 누적 피해량을 기준으로 결정되며 랭킹에 따라 보상으로 한정 프레임, 쥬얼을 획득하실 수 있습니다. / *오픈 시간: 2026년 9월 24일 12:00:00 ~ 2026년 10월 1일 4:59:59 (UTC+9)"
42,open,2026-10-15T12:00:00+09:00,2026-10-22T04:59:59+09:00,42,Water,Electric,,official:b67197d4ae491a4b47aa60ea65677b6cd8eb,2026-10-05T17:00:00+09:00,10월 8일 업데이트 사전 공지,"솔로 레이드 시즌 42가 2026년 10월 15일 12:00:00 (UTC+9)에 오픈됩니다. 다수의 스쿼드로 보스 전투에 도전하여 큐브 강화 재료와 애장품 및 소장품 관리 재료를 보상으로 획득하실 수 있습니다. 도전 난이도의 랭킹 순위는 누적 피해량을 기준으로 결정되며 랭킹에 따라 보상으로 한정 프레임, 쥬얼을 획득하실 수 있습니다. / *오픈 시간: 2026년 10월 15일 12:00:00 ~ 2026년 10월 22일 4:59:59 (UTC+9)"
