season,boss_en,boss_ko,boss_image,element,weak_element,scheduled_start,scheduled_end,start_at,end_at,periods,disrupted,record_reset,numbered_by,enikk_first_seen,enikk_last_seen,enikk_collections,units_available,new_units,checks,notice_ids
1,Mother Whale,마더 웨일,full_bba001,Water,Electric,2023-05-11T12:00:00+09:00,2023-05-18T04:59:59+09:00,2023-05-11T12:00:00+09:00,2023-05-18T04:59:59+09:00,1,0,0,enikk,2023-05-18T04:59:59+09:00,2023-05-18T04:59:59+09:00,1,85,352;100;193;203;121;260;111;400;401;402;112;311;312;800;801;802;381;261;282;040;233;392;270,,naver:1958734;naver:1965960;official:ea9e0acea1741a4a52ab491aaee2e4d8e3b8
2,Black Smith,블랙 스미스,full_bbg003,Fire,Water,2023-06-08T12:00:00+09:00,2023-06-15T04:59:59+09:00,2023-06-08T12:00:00+09:00,2023-06-15T04:59:59+09:00,1,0,0,enikk,2023-06-15T04:59:59+09:00,2023-06-15T04:59:59+09:00,1,88,271;280;132,,official:6b114240a70f1a4ebda86c1aefe343bb2a59
3,Harvester,하베스터,full_bbg001,Fire,Water,2023-07-13T12:00:00+09:00,2023-07-20T04:59:59+09:00,2023-07-13T12:00:00+09:00,2023-07-20T04:59:59+09:00,1,0,0,enikk,2023-07-20T04:59:59+09:00,2023-07-20T04:59:59+09:00,1,91,014;380;350,,official:28a9884baa793a496fa815faa015cc054b48
4,Alteisen,알트아이젠,full_mbg001_psid,Water,Electric,2023-08-10T12:00:00+09:00,2023-08-17T04:59:59+09:00,2023-08-10T12:00:00+09:00,2023-08-17T04:59:59+09:00,1,0,0,enikk,2023-08-17T04:59:59+09:00,2023-08-17T04:59:59+09:00,1,94,015;351;353,,official:81bfbb8faaf71a49a6a8fa7a764a809866ec
5,,,full_bbg003_ce002,Wind,Fire,2023-09-14T12:00:00+09:00,2023-09-21T04:59:59+09:00,2023-09-14T12:00:00+09:00,2023-09-21T04:59:59+09:00,1,0,0,enikk,2023-09-20T09:00:00+09:00,2023-09-20T09:00:00+09:00,1,98,810;812;811;321,boss_unnamed,official:19eaeaeea037ea4bb9abf41a9b9d92488597
6,Modernia,모더니아,full_mbg004,Iron,Wind,2023-10-12T12:00:00+09:00,2023-10-19T04:59:59+09:00,2023-10-12T12:00:00+09:00,2023-10-19T04:59:59+09:00,1,0,0,enikk,2023-10-14T09:00:00+09:00,2023-10-18T09:00:00+09:00,5,101,450;451;033,,official:39990bc8a0122a42f8ab9aeaed08b0404504
7,Ultra,울트라,full_bbg006,Electric,Iron,2023-11-09T12:00:00+09:00,2023-11-16T04:59:59+09:00,2023-11-09T12:00:00+09:00,2023-11-16T04:59:59+09:00,1,0,0,enikk,2023-11-10T09:00:00+09:00,2023-11-15T09:00:00+09:00,6,103,224;470,,official:e0018585a4c07a416aa9411a235a0290da5c
8,Chatterbox,토커티브,full_bbg002,Fire,Water,2023-12-08T12:00:00+09:00,2023-12-15T04:59:59+09:00,2023-12-14T12:00:00+09:00,2023-12-21T04:59:59+09:00,1,1,0,enikk,2023-12-15T09:00:00+09:00,2023-12-21T09:55:14.396000+09:00,18,106,192;194;062,,naver:3241248;official:58221644ac180a474aa9c48a3267cb8b051a;official:fa27b86ca1618a441baad32a541da14a28b2
9,Material H,마테리얼 H,full_ebg002_dmtr,Iron,Wind,2024-01-04T12:00:00+09:00,2024-01-11T04:59:59+09:00,2024-01-04T12:00:00+09:00,2024-01-11T04:59:59+09:00,1,0,0,enikk,2024-01-06T17:18:33+09:00,2024-01-11T08:04:57.755000+09:00,24,108,225;382,,official:617232e2ac963a4d5fa9ed4a860bfde78848
10,Crystal Chamber,크리스탈 체임버,full_xbg001_psid,Water,Electric,2024-02-09T12:00:00+09:00,2024-02-16T04:59:59+09:00,2024-02-09T12:00:00+09:00,2024-02-16T04:59:59+09:00,1,0,0,enikk,2024-02-11T07:36:00+09:00,2024-02-16T06:01:00+09:00,119,111,281;313;310,,official:bdce938da89f4a45e1ab627ae8de53a3fbe0
11,Storm Bringer,스톰 브링어,full_eba001_anmi,Wind,Fire,2024-03-08T12:00:00+09:00,2024-03-15T04:59:59+09:00,2024-03-08T12:00:00+09:00,2024-03-15T04:59:59+09:00,1,0,0,enikk,2024-03-10T10:18:00+09:00,2024-03-15T06:00:00+09:00,97,113,500;043,,official:b2a445cca7213a4532a9543acf675324d34f
12,Nihilister,니힐리스타,full_mba002,Fire,Water,2024-04-04T12:00:00+09:00,2024-04-11T04:59:59+09:00,2024-04-04T12:00:00+09:00,2024-04-11T04:59:59+09:00,1,0,0,enikk,2024-04-06T07:01:00+09:00,2024-04-11T08:01:00+09:00,117,117,821;822;820;550,,official:5605ded7aee3ea439ea9d90a823309f6b46e
13,Indivilia,인디빌리아,full_ebg003,Electric,Iron,2024-05-02T12:00:00+09:00,2024-05-09T04:59:59+09:00,2024-05-02T12:00:00+09:00,2024-05-09T04:59:59+09:00,1,0,0,enikk,2024-05-04T17:01:00+09:00,2024-05-09T06:01:00+09:00,111,119,330;361,,official:4416fa63a8e43a497fab52cad70e488dc20d
14,Grave Digger,그레이브 디거,full_mbg002_raid,Electric,Iron,2024-06-06T12:00:00+09:00,2024-06-13T04:59:59+09:00,2024-06-06T12:00:00+09:00,2024-06-13T04:59:59+09:00,1,0,0,enikk,2024-06-09T06:50:00+09:00,2024-06-13T05:01:00+09:00,96,122,501;314;195,,official:1d99bc12a357ca470da83eda74655bb1fb27
15,Golden Kraken,황금 크라켄,full_bbg004_golden,Iron,Wind,2024-07-11T12:00:00+09:00,2024-07-18T04:59:59+09:00,2024-07-11T12:00:00+09:00,2024-07-18T04:59:59+09:00,1,0,0,enikk,2024-07-14T19:56:00+09:00,2024-07-18T06:00:00+09:00,84,125,551;284;283,,official:294ad293a4ab6a4bf9aa8baa2bcfaa8dbf5e
16,Mirror Container,미러 컨테이너,full_xba001_psid,Water,Electric,2024-08-02T12:00:00+09:00,2024-08-09T04:59:59+09:00,2024-08-02T12:00:00+09:00,2024-08-09T04:59:59+09:00,1,0,0,enikk,2024-08-04T20:48:00+09:00,2024-08-09T07:00:00+09:00,93,127,391;390,,official:609dc42cabae4a48d3a9977add79c761103e
17,Massive Object,거대 질량체,full_eba004,Wind,Fire,2024-09-05T12:00:00+09:00,2024-09-12T04:59:59+09:00,2024-09-05T12:00:00+09:00,2024-09-12T04:59:59+09:00,1,0,0,enikk,2024-09-09T08:07:00+09:00,2024-09-12T07:00:00+09:00,72,131,830;833;831;832,,official:6887504fa1db3a4f56a8060a7d733ae1311f
18,Land Eater,랜드이터,full_ebg001,Fire,Water,2024-10-03T12:00:00+09:00,2024-10-10T04:59:59+09:00,2024-10-03T12:00:00+09:00,2024-10-10T04:59:59+09:00,1,0,0,enikk,2024-10-08T07:44:00+09:00,2024-10-10T06:02:00+09:00,48,133,272;403,,official:ca1fa17eab7e5a485fa952bacb73fce5a6f0
19,Behemoth,베히모스,full_mbg003_psid,Water,Electric,2024-10-31T12:00:00+09:00,2024-11-07T04:59:59+09:00,2024-10-31T12:00:00+09:00,2024-11-17T05:00:00+09:00,3,1,1,enikk,2024-11-14T08:12:00+09:00,2024-11-17T07:00:00+09:00,72,138,580;240;226;511;514,,naver:5013873;naver:5084065;naver:5089411;official:80afaa1baf61ea487baaed1a88776bbb30f9;official:9dc8e9e7a1687a4ec3aae89aacd40a2d3291
20,White Ice Dragon,백빙룡,full_mba002_whiteice_psid,Water,Electric,2024-12-12T12:00:00+09:00,2024-12-19T04:59:59+09:00,2024-12-12T12:00:00+09:00,2024-12-19T04:59:59+09:00,1,0,0,enikk,2024-12-14T20:04:00+09:00,2024-12-19T05:09:00+09:00,105,141,411;183;182,,official:a5756065aaf44a4857aa7dbaa9d1d09062a0
21,Modernia,모더니아,full_mbg004_anmi,Wind,Fire,2025-01-09T12:00:00+09:00,2025-01-16T04:59:59+09:00,2025-01-09T12:00:00+09:00,2025-01-16T04:59:59+09:00,1,0,0,enikk,2025-01-14T07:11:00+09:00,2025-01-16T08:01:00+09:00,51,143,016;290,,official:2f124073acac3a4a8ba8f74a16075ccbe41e
22,Material H,마테리얼 H,full_ebg002_hsta,Fire,Water,2025-02-06T12:00:00+09:00,2025-02-13T04:59:59+09:00,2025-02-06T12:00:00+09:00,2025-02-13T04:59:59+09:00,1,0,0,enikk,2025-02-09T05:39:00+09:00,2025-02-13T06:03:00+09:00,92,145,354;355,,official:c32f2603a9cfda4410aaa90ac11019ac5f0a
23,Massive Object Q,거대 질량체 Q,full_eba004_dmtr,Iron,Wind,2025-03-06T12:00:00+09:00,2025-03-13T04:59:59+09:00,2025-03-06T12:00:00+09:00,2025-03-13T04:59:59+09:00,1,0,0,enikk,2025-03-08T18:36:00+09:00,2025-03-13T06:01:00+09:00,79,149,835;836;834;412,,official:4f3eb89fabf3ea4406a9e87a83a69a3bd5ab
24,Black Snake,검은 뱀,full_bbg008_hsta,Fire,Water,2025-04-03T12:00:00+09:00,2025-04-10T04:59:59+09:00,2025-04-03T12:00:00+09:00,2025-04-10T04:59:59+09:00,1,0,0,enikk,2025-04-05T20:08:00+09:00,2025-04-10T08:01:00+09:00,109,151,520;521,,official:1e8c3109ae3f7a489aa9bc5afae3a49d276e
25,Gluttony,글러트니,full_bbg009_anmi,Wind,Fire,2025-05-08T12:00:00+09:00,2025-05-15T04:59:59+09:00,2025-05-08T12:00:00+09:00,2025-05-15T04:59:59+09:00,1,0,0,enikk,2025-05-11T01:00:00+09:00,2025-05-15T06:01:00+09:00,103,155,513;590;162;581,,official:7c721e45a7dd0a493fa920dafc48037b2cb3
26,Providence,프로비던스,full_xbg002_zeus,Electric,Iron,2025-06-19T12:00:00+09:00,2025-06-26T04:59:59+09:00,2025-06-19T12:00:00+09:00,2025-07-10T04:59:59+09:00,3,1,0,notice,2025-07-05T19:02:00+09:00,2025-07-10T09:01:00+09:00,95,160,041;850;852;851;532,,naver:6225681;naver:6252194;official:07f3b6daa46f1a4c25aa04aafc00a7bd88d6;official:0f766029a6a7da44dda8a83a6d6898729154;official:30232534a79dea4c9ca8d06a8a975b35b593
27,Hologram Kraken,환영 크라켄,full_bbg004_hologram_hsta,Fire,Water,2025-07-24T12:00:00+09:00,2025-07-31T04:59:59+09:00,2025-07-24T12:00:00+09:00,2025-07-31T04:59:59+09:00,1,0,0,enikk,2025-07-26T18:48:00+09:00,2025-08-03T18:04:00+09:00,111,162,234;502,,official:e2e44a7fa2826a40cea953ea69d7d50798b4
28,Ziz,지즈,full_eba005_anmi,Wind,Fire,2025-08-21T12:00:00+09:00,2025-08-28T04:59:59+09:00,2025-08-21T12:00:00+09:00,2025-09-01T04:59:59+09:00,2,1,1,notice,2025-08-27T02:40:00+09:00,2025-09-01T21:01:00+09:00,140,165,093;095;094,,naver:6576868;naver:6579018;official:3f10ea29a2a50a49f4abb6aa87250731cd73
29,Mother Whale,마더 웨일,full_bba001_zeus,Electric,Iron,2025-09-16T12:00:00+09:00,2025-09-23T04:59:59+09:00,2025-09-16T12:00:00+09:00,2025-09-23T04:59:59+09:00,1,0,0,notice,2025-09-19T07:38:00+09:00,2025-09-23T11:01:00+09:00,100,167,315;143,,naver:6675818;official:078bf3dfa8a30a43d0aa200adcce2633a1b0
30,The Merciless Judge,차가운 심판자,full_bbg009_bh_psid,Water,Electric,2025-10-09T12:00:00+09:00,2025-10-16T04:59:59+09:00,2025-10-09T12:00:00+09:00,2025-10-16T04:59:59+09:00,1,0,0,notice,2025-10-11T18:14:00+09:00,2025-10-16T08:01:00+09:00,94,171,840;842;841;023,,naver:6780744;naver:6787708;official:23d41d37ad8aca45f3aabc8aaf06772b67bc
31,Queen 001,퀸 001,full_xba002_dmtr,Iron,Wind,2025-11-13T12:00:00+09:00,2025-11-20T04:59:59+09:00,2025-11-13T12:00:00+09:00,2025-11-20T04:59:59+09:00,1,0,0,notice,2025-11-15T23:32:00+09:00,2025-11-20T15:32:00+09:00,76,175,223;331;262;074,,official:c286e420af258a4705aa2eeaf6a46c9a46f7
32,Alteisen,알트아이젠,full_mbg001,Wind,Fire,2025-12-11T12:00:00+09:00,2025-12-18T04:59:59+09:00,2025-12-11T12:00:00+09:00,2025-12-18T04:59:59+09:00,1,0,0,notice,2025-12-14T16:01:00+09:00,2025-12-18T09:01:00+09:00,90,177,075;073,,official:46bb619aa85c7a4112aadc0a428a23412af6
33,Only One,온리 원,full_xbg003_hsta,Fire,Water,2026-01-08T12:00:00+09:00,2026-01-15T04:59:59+09:00,2026-01-08T12:00:00+09:00,2026-01-15T04:59:59+09:00,1,0,0,notice,2026-01-12T18:56:00+09:00,2026-01-15T06:00:00+09:00,17,179,471;582,,official:45eb4bb3a469ba4d02a8204a481245355c70
34,Altruia,앨트루이아,full_xbg004_zeus,Electric,Iron,2026-02-19T12:00:00+09:00,2026-02-26T04:59:59+09:00,2026-02-19T12:00:00+09:00,2026-02-26T04:59:59+09:00,1,0,0,notice,2026-02-22T06:13:00+09:00,2026-02-26T08:01:00+09:00,35,183,316;860;862;861,,official:1c0f35a1a8293a4274a9681a35cde3feca74
35,Crystal Chamber,크리스탈 체임버,full_xbg001_anmi,Wind,Fire,2026-03-20T12:00:00+09:00,2026-03-27T04:59:59+09:00,2026-03-20T12:00:00+09:00,2026-03-27T04:59:59+09:00,1,0,0,notice,2026-03-24T11:01:00+09:00,2026-03-27T06:01:00+09:00,19,185,113;583,,official:8fb3f260a6b8fa4b9da826aa73f5a2bd47ac
36,Egovista,에고비스타,full_xbg005_psid,Water,Electric,2026-04-30T12:00:00+09:00,2026-05-07T04:59:59+09:00,2026-04-30T12:00:00+09:00,2026-05-07T04:59:59+09:00,1,0,0,notice,2026-05-04T23:39:00+09:00,2026-05-07T05:20:00+09:00,6,189,620;017;441;018,,official:1ae75158a5bb8a49a6a874dac55ebe5859e5
37,Ultra,울트라,full_bbg006_hsta,Fire,Water,2026-05-28T00:00:00+09:00,2026-06-04T04:59:59+09:00,2026-05-28T00:00:00+09:00,2026-06-04T04:59:59+09:00,1,0,0,notice,2026-05-30T10:20:00+09:00,2026-06-07T08:55:00+09:00,8,191,600;601,,official:0675c61fa2f66a46f8abd1fad3d962209b5c
38,Annihilio,애니힐리오,full_xba003_dmtr,Iron,Wind,2026-06-18T12:00:00+09:00,2026-06-25T04:59:59+09:00,2026-06-18T12:00:00+09:00,2026-07-08T04:59:59+09:00,2,1,1,notice,2026-07-12T01:11:00+09:00,2026-07-12T01:11:00+09:00,1,193,570;515,,naver:7833931;naver:7837735;official:29f47298ad9d3a4a91a8438ac563bc29b89c;official:49aa55e2aba26a4955aa281a3c90a844bc53
39,Island Eater,아일랜드 이터,full_ebg001_island_zeus,Electric,Iron,2026-07-16T12:00:00+09:00,2026-07-23T04:59:59+09:00,2026-07-16T12:00:00+09:00,2026-07-23T04:59:59+09:00,1,0,0,notice,2026-07-18T09:42:00+09:00,2026-07-23T05:54:00+09:00,83,195,322;103,,official:29f47298ad9d3a4a91a8438ac563bc29b89c
40,Luxurious Spider,사치스러운 거미,full_bbg001_rich_anmi,Wind,Fire,2026-08-20T12:00:00+09:00,2026-08-27T04:59:59+09:00,2026-08-20T12:00:00+09:00,2026-08-27T04:59:59+09:00,1,0,0,notice,2026-08-22T10:09:00+09:00,2026-08-29T00:52:00+09:00,117,199,105;870;872;871,,naver:8089996;naver:8138246;official:5260f464afbe9a42a3a9c10a8692e2570aed;official:8da875aaa35f6a4711a8d15a4900fd0f88eb
41,Liberalio Body,리버렐리오 바디,full_eba002_hsta,Fire,Water,2026-09-24T12:00:00+09:00,2026-10-01T04:59:59+09:00,2026-09-24T12:00:00+09:00,2026-10-01T04:59:59+09:00,1,0,0,notice,2026-09-26T09:16:00+09:00,2026-10-01T12:45:00+09:00,113,202,104;404;405,,official:656cdf7eaf40ea45f3a8e32ae94bf25093a4;official:b6727fd3afa3aa4a8daab4ba3ed13df374e0
42,Altruia,앨트루이아,full_xbg004_psid,Water,Electric,,,,,0,0,0,,,,0,,,no_notice,
