unit_id,name,treasure_at,treasure_date,after_maintenance,notice_id,notice_title,notice_published_at,evidence
072,디젤,2024-05-30T00:00:00+09:00,2024-05-30,1,official:1d99bc12a357ca470da83eda74655bb1fb27,5월 30일 업데이트 공지(6/3 내용 추가),2024-05-30T19:03:57+09:00,"애장품이 추가되는 니케 : 라플라스, 엑시아, 프림, 디젤"
100,라플라스,2024-05-30T00:00:00+09:00,2024-05-30,1,official:1d99bc12a357ca470da83eda74655bb1fb27,5월 30일 업데이트 공지(6/3 내용 추가),2024-05-30T19:03:57+09:00,"애장품이 추가되는 니케 : 라플라스, 엑시아, 프림, 디젤"
142,프림,2024-05-30T00:00:00+09:00,2024-05-30,1,official:1d99bc12a357ca470da83eda74655bb1fb27,5월 30일 업데이트 공지(6/3 내용 추가),2024-05-30T19:03:57+09:00,"애장품이 추가되는 니케 : 라플라스, 엑시아, 프림, 디젤"
210,엑시아,2024-05-30T00:00:00+09:00,2024-05-30,1,official:1d99bc12a357ca470da83eda74655bb1fb27,5월 30일 업데이트 공지(6/3 내용 추가),2024-05-30T19:03:57+09:00,"애장품이 추가되는 니케 : 라플라스, 엑시아, 프림, 디젤"
112,바이퍼,2024-07-04T00:00:00+09:00,2024-07-04,1,official:294ad293a4ab6a4bf9aa8baa2bcfaa8dbf5e,7월 4일 업데이트 공지,2024-07-04T06:54:47+09:00,6.1 신규 애장품 니케: 바이퍼가 추가됩니다..
032,미란다,2025-01-16T00:00:00+09:00,2025-01-16,1,official:eedcb138a33ada4acaab6dba41b905c9ecce,1월 16일 업데이트 공지,2025-01-13T17:30:00+09:00,"① 애장품 추가 니케 : [헬름], [미란다], [드레이크], [밀크]"
101,드레이크,2025-01-16T00:00:00+09:00,2025-01-16,1,official:eedcb138a33ada4acaab6dba41b905c9ecce,1월 16일 업데이트 공지,2025-01-13T17:30:00+09:00,"① 애장품 추가 니케 : [헬름], [미란다], [드레이크], [밀크]"
141,밀크,2025-01-16T00:00:00+09:00,2025-01-16,1,official:eedcb138a33ada4acaab6dba41b905c9ecce,1월 16일 업데이트 공지,2025-01-13T17:30:00+09:00,"① 애장품 추가 니케 : [헬름], [미란다], [드레이크], [밀크]"
352,헬름,2025-01-16T00:00:00+09:00,2025-01-16,1,official:eedcb138a33ada4acaab6dba41b905c9ecce,1월 16일 업데이트 공지,2025-01-13T17:30:00+09:00,"① 애장품 추가 니케 : [헬름], [미란다], [드레이크], [밀크]"
030,폴리,2025-07-17T00:00:00+09:00,2025-07-17,1,official:e2e44a7fa2826a40cea953ea69d7d50798b4,7월 17일 업데이트 공지,2025-07-14T17:34:22+09:00,"▶ 애장품 추가 니케 : [폴리], [토브], [율리아], [베이]"
150,율리아,2025-07-17T00:00:00+09:00,2025-07-17,1,official:e2e44a7fa2826a40cea953ea69d7d50798b4,7월 17일 업데이트 공지,2025-07-14T17:34:22+09:00,"▶ 애장품 추가 니케 : [폴리], [토브], [율리아], [베이]"
192,토브,2025-07-17T00:00:00+09:00,2025-07-17,1,official:e2e44a7fa2826a40cea953ea69d7d50798b4,7월 17일 업데이트 공지,2025-07-14T17:34:22+09:00,"▶ 애장품 추가 니케 : [폴리], [토브], [율리아], [베이]"
550,베이,2025-07-17T00:00:00+09:00,2025-07-17,1,official:e2e44a7fa2826a40cea953ea69d7d50798b4,7월 17일 업데이트 공지,2025-07-14T17:34:22+09:00,"▶ 애장품 추가 니케 : [폴리], [토브], [율리아], [베이]"
080,센티,2026-02-12T00:00:00+09:00,2026-02-12,1,official:1c0f35a1a8293a4274a9681a35cde3feca74,2월 12일 업데이트 공지,2026-02-09T17:21:46+09:00,"▶ 애장품 추가 니케 : [프리바티], [목단], [츠바이], [센티]"
170,프리바티,2026-02-12T00:00:00+09:00,2026-02-12,1,official:1c0f35a1a8293a4274a9681a35cde3feca74,2월 12일 업데이트 공지,2026-02-09T17:21:46+09:00,"▶ 애장품 추가 니케 : [프리바티], [목단], [츠바이], [센티]"
281,목단,2026-02-12T00:00:00+09:00,2026-02-12,1,official:1c0f35a1a8293a4274a9681a35cde3feca74,2월 12일 업데이트 공지,2026-02-09T17:21:46+09:00,"▶ 애장품 추가 니케 : [프리바티], [목단], [츠바이], [센티]"
390,츠바이,2026-02-12T00:00:00+09:00,2026-02-12,1,official:1c0f35a1a8293a4274a9681a35cde3feca74,2월 12일 업데이트 공지,2026-02-09T17:21:46+09:00,"▶ 애장품 추가 니케 : [프리바티], [목단], [츠바이], [센티]"
140,슈가,2026-07-23T00:00:00+09:00,2026-07-23,1,official:b263470ea4c71a4dddab742ada3f9e7e615d,7월 23일 업데이트 공지,2026-07-20T17:03:12+09:00,"▶ 애장품 추가 니케 : [팬텀], [슈가], [로산나], [플로라]"
280,로산나,2026-07-23T00:00:00+09:00,2026-07-23,1,official:b263470ea4c71a4dddab742ada3f9e7e615d,7월 23일 업데이트 공지,2026-07-20T17:03:12+09:00,"▶ 애장품 추가 니케 : [팬텀], [슈가], [로산나], [플로라]"
411,플로라,2026-07-23T00:00:00+09:00,2026-07-23,1,official:b263470ea4c71a4dddab742ada3f9e7e615d,7월 23일 업데이트 공지,2026-07-20T17:03:12+09:00,"▶ 애장품 추가 니케 : [팬텀], [슈가], [로산나], [플로라]"
580,팬텀,2026-07-23T00:00:00+09:00,2026-07-23,1,official:b263470ea4c71a4dddab742ada3f9e7e615d,7월 23일 업데이트 공지,2026-07-20T17:03:12+09:00,"▶ 애장품 추가 니케 : [팬텀], [슈가], [로산나], [플로라]"
