unit_id,release_at,release_date,release_after_maintenance,banner_kind,notice_id,notice_title,notice_published_at,evidence
352,2022-11-10T00:00:00+09:00,2022-11-10,1,recruit,official:a99bd917ac929a46efabf2ba0f9860c95097,11월 10일 업데이트 정기점검 안내,2022-11-09T01:00:00+09:00,모집 기간: 2022년 11월 10일(목) 서버 점검 종료 이후 ~ 2022년 11월 24일(목) 4:59:59
100,2022-11-24T00:00:00+09:00,2022-11-24,1,special,official:c4cf49dca0d56a41ababa27a9d22fd258933,11월 24일 업데이트 공지,2022-11-21T16:30:00+09:00,특수 모집 기간: 2022년 11월 24일 서버 점검 종료 이후 ~ 2022년 12월 8일 4:59:59 (UTC+9)
260,2023-01-01T00:00:00+09:00,2023-01-01,0,special,official:0a4074e4ab49aa4ed6a8a6daa20612438af3,12월 29일 업데이트 공지,2022-12-26T16:00:00+09:00,*특수 모집 기간: 2023년 1월 1일 00:00:00 ～ 2023년 1월 19일 4:59:59(UTC+9)
111,2023-01-12T00:00:00+09:00,2023-01-12,1,special,official:3d7c57e7af303a476eabfa9a70f988c3b03e,1월 12일 업데이트 공지,2023-01-09T19:00:00+09:00,*특수 모집 기간: 2023년 1월 12일 서버 점검 종료 이후 ～ 2023년 1월 25일 23:59:59 (UTC+9)
112,2023-01-19T05:00:00+09:00,2023-01-19,0,special,official:3d7c57e7af303a476eabfa9a70f988c3b03e,1월 12일 업데이트 공지,2023-01-09T19:00:00+09:00,*특수 모집 기간: 2023년 1월 19일 5:00:00 ~ 2023년 1월 31일 23:59:59 (UTC+9)
311,2023-02-01T00:00:00+09:00,2023-02-01,1,special,official:bb0b8e29af624a4888a990aa2b804d636268,2월 1일 업데이트 공지,2023-01-30T16:00:00+09:00,*특수 모집 기간: 2023년 2월 1일 서버 점검 종료 이후 ～ 2023년 2월 15일 4:59:59
312,2023-02-08T05:00:00+09:00,2023-02-08,0,special,official:bb0b8e29af624a4888a990aa2b804d636268,2월 1일 업데이트 공지,2023-01-30T16:00:00+09:00,*특수 모집 기간: 2023년 2월 8일 5:00:00 ～ 2023년 2월 21일 23:59:59(UTC+9)
800,2023-02-22T00:00:00+09:00,2023-02-22,1,limited,official:c57cbdaca9af3a48cda8676ab0ccdb9e4b5c,2월 22일 업데이트 공지,2023-02-20T19:00:00+09:00,* 기간 한정 모집 기간: 2023년 2월 22일 서버 점검 종료 이후 ~ 2023년 3월 15일 4:59:59 (UTC+9)
801,2023-02-22T00:00:00+09:00,2023-02-22,1,limited,official:c57cbdaca9af3a48cda8676ab0ccdb9e4b5c,2월 22일 업데이트 공지,2023-02-20T19:00:00+09:00,* 기간 한정 모집 기간: 2023년 2월 22일 서버 점검 종료 이후 ~ 2023년 3월 15일 4:59:59 (UTC+9)
802,2023-02-22T00:00:00+09:00,2023-02-22,1,event_reward,official:c57cbdaca9af3a48cda8676ab0ccdb9e4b5c,2월 22일 업데이트 공지,2023-02-20T19:00:00+09:00,획득 기간: 2023년 2월 22일 서버 점검 종료 이후 ~ 2023년 3월 15일 4:59:59 (UTC+9)
381,2023-03-15T00:00:00+09:00,2023-03-15,1,special,official:41fb4861ad518a40d2aa12bab8fd3be09e84,3월 15일 업데이트 공지,2023-03-13T01:00:00+09:00,* 특수 모집 기간: 2023년 3월 15일 서버 점검 종료 이후 ~ 2023년 3월 30일 4:59:59 ( UTC+9)
261,2023-03-30T00:00:00+09:00,2023-03-30,1,introduced,official:203670b8a4caea4290ab584a351efde711c1,3월30일 업데이트 공지,2023-03-27T18:30:09+09:00,1.2 SSR 캐릭터 [니힐리스타]
282,2023-03-30T00:00:00+09:00,2023-03-30,1,special,official:203670b8a4caea4290ab584a351efde711c1,3월30일 업데이트 공지,2023-03-27T18:30:09+09:00,*특수 모집 기간: 2023년 3월 30일 서버 점검 종료 이후 ~ 2023년 4월 13일 4:59:59 (UTC+9)
040,2023-04-13T00:00:00+09:00,2023-04-13,1,special,official:49f26298a590ba4568aa1dba1732fc977e47,4월 13일 업데이트 공지(4/13 14시 내용 수정),2023-04-11T19:42:53+09:00,* 특수 모집 기간: 2023년 4월 13일 서버 점검 종료 이후 ~ 2023년 4월 27일 4:59:59 (UTC+9)
233,2023-04-27T00:00:00+09:00,2023-04-27,1,special,official:ea9e0acea1741a4a52ab491aaee2e4d8e3b8,4월 27일 업데이트 공지,2023-04-25T20:31:21+09:00,*특수 모집 기간: 2023년 4월 27일 서버 점검 종료 이후 ~ 2023년 5월 18일 4:59:59 (UTC+9)
392,2023-04-27T00:00:00+09:00,2023-04-27,1,introduced,official:ea9e0acea1741a4a52ab491aaee2e4d8e3b8,4월 27일 업데이트 공지,2023-04-25T20:31:21+09:00,1.2 SSR 캐릭터 [라이]
270,2023-05-18T00:00:00+09:00,2023-05-18,1,special,official:6d2a5d3ea4c04a4a9fab58daa3a840285d7c,5월 18일 업데이트 공지,2023-05-15T19:55:26+09:00,*특수 모집 기간: 2023년 5월 18일 서버 점검 종료 이후 ~ 2023년 6월 1일 4:59:59 (UTC+9)
271,2023-05-25T05:00:00+09:00,2023-05-25,0,special,official:6d2a5d3ea4c04a4a9fab58daa3a840285d7c,5월 18일 업데이트 공지,2023-05-15T19:55:26+09:00,*특수 모집 기간: 2023년 5월 25일 5:00:00 ~ 2023년 6월 8일 4:59:59 (UTC+9)
280,2023-06-01T00:00:00+09:00,2023-06-01,1,special,official:6b114240a70f1a4ebda86c1aefe343bb2a59,6월 1일 업데이트 공지[6월 1일 15:00 업데이트],2023-05-29T17:38:39+09:00,*특수 모집 기간: 2023년 6월 1일 서버 점검 종료 이후 ~ 2023년 6월 15일 4:59:59 (UTC+9)
132,2023-06-15T00:00:00+09:00,2023-06-15,1,limited,official:5caad71aaef71a4a28aa77ea78e78c4633f2,6월 15일 업데이트 공지(6/15 내용 변경),2023-06-12T19:32:26+09:00,*기간 한정 모집 기간: 2023년 6월 15일 서버 점검 종료 이후 ~ 2023년 7월 6일 4:59:59 (UTC+9)
014,2023-06-22T05:00:00+09:00,2023-06-22,0,limited,official:5caad71aaef71a4a28aa77ea78e78c4633f2,6월 15일 업데이트 공지(6/15 내용 변경),2023-06-12T19:32:26+09:00,*기간 한정 모집 기간: 2023년 6월 22일 5:00:00 ~ 2023년 7월 13일 4:59:59 (UTC+9)
380,2023-07-06T00:00:00+09:00,2023-07-06,1,special,official:28a9884baa793a496fa815faa015cc054b48,7월 6일 업데이트 공지(7월 6일 23:20 내용 수정),2023-07-03T18:24:23+09:00,*특수 모집 기간: 2023년 7월 6일 서버 점검 종료 이후 ~ 2023년 7월 20일 4:59:59 (UTC+9)
350,2023-07-20T00:00:00+09:00,2023-07-20,1,special,official:2ec01cb0a4d6da4d1aa8e98a9a70923c6cc4,7월 20일 업데이트 공지(7/20 내용 업데이트),2023-07-17T18:38:22+09:00,*특수 모집 기간: 2023년 7월 20일 서버 점검 종료 이후 ~ 2023년 8월 3일 4:59:59 (UTC+9)
015,2023-08-03T00:00:00+09:00,2023-08-03,1,limited,official:81bfbb8faaf71a49a6a8fa7a764a809866ec,8월 3일 업데이트 공지(8/8 내용 추가),2023-07-31T19:21:03+09:00,*기간 한정 모집 기간: 2023년 8월 3일 서버 점검 종료 이후 ~ 2023년 8월 24일 4:59:59 (UTC+9)
351,2023-08-03T00:00:00+09:00,2023-08-03,1,event_reward,official:81bfbb8faaf71a49a6a8fa7a764a809866ec,8월 3일 업데이트 공지(8/8 내용 추가),2023-07-31T19:21:03+09:00,*획득 기간: 2023년 8월 3일 서버 점검 종료 이후 ~ 2023년 8월 24일 4:59:59 (UTC+9)
353,2023-08-10T05:00:00+09:00,2023-08-10,0,limited,official:81bfbb8faaf71a49a6a8fa7a764a809866ec,8월 3일 업데이트 공지(8/8 내용 추가),2023-07-31T19:21:03+09:00,*기간 한정 모집 기간: 2023년 8월 10일 5:00:00 ~ 2023년 8월 31일 23:59:59 (UTC+9)
810,2023-09-01T00:00:00+09:00,2023-09-01,1,limited,official:19eaeaeea037ea4bb9abf41a9b9d92488597,9월 1일 업데이트 공지(9/6 업데이트),2023-08-28T17:04:08+09:00,*기간 한정 모집 기간: 2023년 9월 1일 서버 점검 종료 이후 ~ 2023년 9월 28일 4:59:59 (UTC+9)
812,2023-09-01T00:00:00+09:00,2023-09-01,1,event_reward,official:19eaeaeea037ea4bb9abf41a9b9d92488597,9월 1일 업데이트 공지(9/6 업데이트),2023-08-28T17:04:08+09:00,획득 기간: 2023년 9월 1일 서버 점검 종료 이후 ~ 2023년 9월 28일 4:59:59 (UTC+9)
811,2023-09-08T05:00:00+09:00,2023-09-08,0,limited,official:19eaeaeea037ea4bb9abf41a9b9d92488597,9월 1일 업데이트 공지(9/6 업데이트),2023-08-28T17:04:08+09:00,*기간 한정 모집 기간: 2023년 9월 8일 5:00:00～2023년 9월 28일 4:59:59（UTC+9）
321,2023-09-21T00:00:00+09:00,2023-09-21,1,special,official:1af1ec8fae088a42b0a9ddca4607a62008f7,9월 21일 업데이트 공지,2023-09-18T16:55:00+09:00,*특수 모집 기간: 2023년 9월 21일 서버 점검 종료 이후 ~ 2023년 10월 5일 4:59:59 (UTC+9)
450,2023-10-05T12:00:00+09:00,2023-10-05,0,special,official:39990bc8a0122a42f8ab9aeaed08b0404504,10월 5일 신규 추가 컨텐츠 안내,2023-10-02T14:55:00+09:00,*특수 모집 기간: 2023년 10월 5일 12:00:00 ~ 2023년 10월 19일 4:59:59 (UTC+9)
451,2023-10-12T05:00:00+09:00,2023-10-12,0,special,official:39990bc8a0122a42f8ab9aeaed08b0404504,10월 5일 신규 추가 컨텐츠 안내,2023-10-02T14:55:00+09:00,*특수 모집 기간: 2023년 10월 12일 5:00:00 ~ 2023년 10월 26일 4:59:59 (UTC+9)
033,2023-10-19T00:00:00+09:00,2023-10-19,1,special,official:72a4a297a207fa4157a98f9a7d962fe35c7f,10월 19일 업데이트 공지,2023-10-16T15:50:00+09:00,*특수 모집 기간: 2023년 10월 19일 서버 점검 종료 이후 ~ 2023년 11월 1일 23:59:59 (UTC+9)
224,2023-11-02T00:00:00+09:00,2023-11-02,1,introduced,official:e0018585a4c07a416aa9411a235a0290da5c,11월 2일 업데이트 공지(11/27 내용 수정),2023-10-30T19:35:01+09:00,1.2 SSR 니케 [스노우 화이트: 이노센트 데이즈]
470,2023-11-02T00:00:00+09:00,2023-11-02,1,special,official:e0018585a4c07a416aa9411a235a0290da5c,11월 2일 업데이트 공지(11/27 내용 수정),2023-10-30T19:35:01+09:00,*특수 모집 기간: 2023년 11월 2일 서버 점검 종료 이후 ~ 2023년 11월 23일 4:59:59 (UTC+9)
192,2023-11-23T00:00:00+09:00,2023-11-23,1,special,official:de82a829aeefba4f16aa9cfaa02effb2dda9,11월 23일 업데이트 공지(11/24 내용 추가),2023-11-20T15:54:37+09:00,*특수 모집 기간: 2023년 11월 23일 서버 점검 종료 이후 ~ 2023년 12월 7일 4:59:59 (UTC+9)
194,2023-12-07T00:00:00+09:00,2023-12-07,1,limited,official:58221644ac180a474aa9c48a3267cb8b051a,12월 7일 업데이트 공지,2023-12-04T16:42:25+09:00,*기간 한정 모집 기간: 2023년 12월 7일 서버 점검 종료 이후 ~ 2023년 12월 28일 4:59:59 (UTC+9)
062,2023-12-14T05:00:00+09:00,2023-12-14,0,limited,official:58221644ac180a474aa9c48a3267cb8b051a,12월 7일 업데이트 공지,2023-12-04T16:42:25+09:00,*기간 한정 모집 기간: 2023년 12월 14일 5:00:00 ~ 2023년 12월 31일 23:59:59 (UTC+9)
225,2024-01-01T00:00:00+09:00,2024-01-01,0,special,official:617232e2ac963a4d5fa9ed4a860bfde78848,12월 28일 업데이트 사전 공지,2023-12-25T17:38:34+09:00,*특수 모집 기간: 2024년 1월 1일 0:00:00 ~ 2024년 1월 18일 4:59:59 (UTC+9)
382,2024-01-11T00:00:00+09:00,2024-01-11,1,special,official:71ed7110ac939a4d3aa95b6ad00a5271cfe2,1월 11일 업데이트 사전 공지,2024-01-08T15:57:26+09:00,*특수 모집 기간: 2024년 1월 11일 서버 점검 종료 이후 ~ 2024년 1월 25일 4:59:59 (UTC+9)
281,2024-01-25T12:00:00+09:00,2024-01-25,0,special,official:808fc783a9e6da4b95a8b4ba45ee462589a8,1월 25일 신규 추가 콘텐츠 안내(1/24 수정),2024-01-22T18:56:02+09:00,*특수 모집 기간: 2024년 1월 25일 12:00:00 ~ 2024년 2월 8일 4:59:59 (UTC+9)
313,2024-02-05T00:00:00+09:00,2024-02-05,1,special,official:bdce938da89f4a45e1ab627ae8de53a3fbe0,2월 5일 업데이트 공지,2024-02-01T16:55:00+09:00,*특수 모집 기간: 2024년 2월 5일 서버 점검 종료 이후 ~ 2024년 2월 22일 4:59:59 (UTC+9)
310,2024-02-15T05:00:00+09:00,2024-02-15,0,special,official:bdce938da89f4a45e1ab627ae8de53a3fbe0,2월 5일 업데이트 공지,2024-02-01T16:55:00+09:00,*특수 모집 기간: 2024년 2월 15일 5:00:00 ~ 2024년 2월 29일 4:59:59 (UTC+9)
500,2024-02-22T00:00:00+09:00,2024-02-22,1,special,official:31ea70b3af278a4f86aaa53ace45867993f3,2월 22일 업데이트 공지,2024-02-19T16:55:00+09:00,*특수 모집 기간: 2024년 2월 22일 서버 점검 종료 이후 ~ 2024년 3월 6일 23:59:59 (UTC+9)
043,2024-03-07T00:00:00+09:00,2024-03-07,1,special,official:b2a445cca7213a4532a9543acf675324d34f,3월 7일 업데이트 공지(3/8 내용 추가),2024-03-04T18:55:00+09:00,*특수 모집 기간: 2024년 3월 7일 서버 점검 종료 이후 ~ 2024년 3월 20일 23:59:59 (UTC+9)
821,2024-03-21T00:00:00+09:00,2024-03-21,1,limited,official:5605ded7aee3ea439ea9d90a823309f6b46e,3월 21일 업데이트 공지(4/1 내용 추가),2024-03-21T06:53:25+09:00,*기간 한정 모집 기간: 2024년 3월 21일 서버 점검 종료 이후 ~ 2024년 4월 11일 4:59:59 (UTC+9)
822,2024-03-21T00:00:00+09:00,2024-03-21,1,event_reward,official:5605ded7aee3ea439ea9d90a823309f6b46e,3월 21일 업데이트 공지(4/1 내용 추가),2024-03-21T06:53:25+09:00,획득 기간: 2024년 3월 21일 서버 점검 종료 이후 ~ 2024년 4월 11일 4:59:59 (UTC+9)
820,2024-03-28T05:00:00+09:00,2024-03-28,0,limited,official:5605ded7aee3ea439ea9d90a823309f6b46e,3월 21일 업데이트 공지(4/1 내용 추가),2024-03-21T06:53:25+09:00,*기간 한정 모집 기간: 2024년 3월 28일 5:00:00 ~ 2024년 4월 11일 4:59:59 (UTC+9)
550,2024-04-11T00:00:00+09:00,2024-04-11,1,special,official:d29c352aa92f4a4da7aae2da1e315712f640,4월 11일 업데이트 공지,2024-04-11T17:51:00+09:00,*특수 모집 기간: 2024년 4월 11일 서버 점검 종료 이후 ~ 2024년 4월 24일 23:59:59 (UTC+9)
330,2024-04-25T00:00:00+09:00,2024-04-25,1,special,official:4416fa63a8e43a497fab52cad70e488dc20d,4월 25일 업데이트 공지,2024-04-25T06:55:00+09:00,*특수 모집 기간: 2024년 4월 25일 서버 점검 종료 이후 ~ 2024년 5월 16일 4:59:59 (UTC+9)
361,2024-04-25T00:00:00+09:00,2024-04-25,1,introduced,official:4416fa63a8e43a497fab52cad70e488dc20d,4월 25일 업데이트 공지,2024-04-25T06:55:00+09:00,1.2 SSR 니케 [킬로]
501,2024-05-16T00:00:00+09:00,2024-05-16,1,special,official:24ccc9b8aaac6a4b6baab20a2dfb812ff1a3,5월 16일 업데이트 공지(5/17 내용 추가),2024-05-16T14:55:00+09:00,*특수 모집 기간: 2024년 5월 16일 서버 점검 종료 이후 ~ 2024년 5월 30일 4:59:59 (UTC+9)
314,2024-05-30T00:00:00+09:00,2024-05-30,1,special,official:1d99bc12a357ca470da83eda74655bb1fb27,5월 30일 업데이트 공지(6/3 내용 추가),2024-05-30T19:03:57+09:00,*특수 모집 기간: 2024년 5월 30일 서버 점검 종료 이후 ~ 2024년 6월 20일 4:59:59 (UTC+9)
195,2024-06-06T05:00:00+09:00,2024-06-06,0,special,official:1d99bc12a357ca470da83eda74655bb1fb27,5월 30일 업데이트 공지(6/3 내용 추가),2024-05-30T19:03:57+09:00,*특수 모집 기간: 2024년 6월 6일 5:00:00 ~ 2024년 6월 27일 4:59:59 (UTC+9)
551,2024-06-20T00:00:00+09:00,2024-06-20,1,special,official:52797ae2a52e1a45a8abd16a31be257db5f5,6월 20일 업데이트 공지,2024-06-20T14:57:57+09:00,*특수 모집 기간: 2024년 6월 20일 서버 점검 종료 이후 ~ 2024년 7월 3일 23:59:59 (UTC+9)
284,2024-07-04T00:00:00+09:00,2024-07-04,1,limited,official:294ad293a4ab6a4bf9aa8baa2bcfaa8dbf5e,7월 4일 업데이트 공지,2024-07-04T06:54:47+09:00,*기간 한정 모집 기간: 2024년 7월 4일 서버 점검 종료 이후 ~ 2024년 7월 25일 4:59:59 (UTC+9)
283,2024-07-11T05:00:00+09:00,2024-07-11,0,limited,official:294ad293a4ab6a4bf9aa8baa2bcfaa8dbf5e,7월 4일 업데이트 공지,2024-07-04T06:54:47+09:00,*기간 한정 모집 기간: 2024년 7월 11일 5:00:00 ~ 2024년 8월 1일 4:59:59 (UTC+9)
391,2024-07-25T00:00:00+09:00,2024-07-25,1,special,official:609dc42cabae4a48d3a9977add79c761103e,7월 25일 업데이트 공지(8/1 내용 추가),2024-07-22T18:00:00+09:00,*특수 모집 기간: 2024년 7월 25일 서버 점검 종료 이후 ~ 2024년 8월 8일 4:59:59 (UTC+9)
390,2024-08-08T00:00:00+09:00,2024-08-08,1,special,official:edad1e83afba6a4a32a9088a08b58f03f587,8월 8일 업데이트 공지,2024-08-05T17:30:04+09:00,*특수 모집 기간: 2024년 8월 8일 서버 점검 종료 이후~ 2024년 8월 21일 23:59:59 (UTC+9)
830,2024-08-22T00:00:00+09:00,2024-08-22,1,limited,official:6887504fa1db3a4f56a8060a7d733ae1311f,8월 22일 업데이트 공지(8/30 내용 추가),2024-08-22T06:57:15+09:00,*기간 한정 모집 기간: 2024년 8월 22일 서버 점검 종료 이후 ~ 2024년 9월 19일 4:59:59 (UTC+9)
833,2024-08-22T00:00:00+09:00,2024-08-22,1,event_reward,official:6887504fa1db3a4f56a8060a7d733ae1311f,8월 22일 업데이트 공지(8/30 내용 추가),2024-08-22T06:57:15+09:00,획득 기간: 2024년 8월22일 서버 점검 종료 이후 ~ 2024년 9월 19일 4:59:59 (UTC+9)
831,2024-08-29T05:00:00+09:00,2024-08-29,0,limited,official:6887504fa1db3a4f56a8060a7d733ae1311f,8월 22일 업데이트 공지(8/30 내용 추가),2024-08-22T06:57:15+09:00,*기간 한정 모집 기간: 2024년 8월 29일 5:00:00 ~ 2024년 9월 19일 4:59:59 (UTC+9)
832,2024-09-05T05:00:00+09:00,2024-09-05,0,limited,official:6887504fa1db3a4f56a8060a7d733ae1311f,8월 22일 업데이트 공지(8/30 내용 추가),2024-08-22T06:57:15+09:00,*기간 한정 모집 기간: 2024년 9월 5일 5:00:00 ~ 2024년 9월 19일 4:59:59 (UTC+9)
272,2024-09-19T00:00:00+09:00,2024-09-19,1,special,official:30020eb2a9811a480fa9dc3acd89190f89b8,9월 19일 업데이트 공지(9/23 내용 추가),2024-09-16T17:00:00+09:00,*특수 모집 기간: 2024년 9월 19일 서버 점검 종료 이후 ~ 2024년 10월 3일 4:59:59 (UTC+9)
403,2024-10-03T12:00:00+09:00,2024-10-03,0,special,official:ca1fa17eab7e5a485fa952bacb73fce5a6f0,10월 3일 신규 추가 콘텐츠 안내,2024-10-01T13:25:45+09:00,*특수 모집 기간: 2024년 10월 3일 12:00:00 ~ 2024년 10월 17일 4:59:59 (UTC+9)
580,2024-10-10T05:00:00+09:00,2024-10-10,0,special,official:ca1fa17eab7e5a485fa952bacb73fce5a6f0,10월 3일 신규 추가 콘텐츠 안내,2024-10-01T13:25:45+09:00,*특수 모집 기간: 2024년 10월 10일 5:00:00 ~ 2024년 10월 24일 4:59:59 (UTC+9)
240,2024-10-17T00:00:00+09:00,2024-10-17,1,special,official:700e8e3ca6ebaa4cbcab1f2a1d217cd0c2c0,10월 17일 업데이트 공지,2024-10-14T19:00:00+09:00,*특수 모집 기간: 2024년 10월 17일 서버 점검 종료 이후 ~ 2024년 10월 30일 23:59:59 (UTC+9)
226,2024-10-31T00:00:00+09:00,2024-10-31,1,event_reward,official:80afaa1baf61ea487baaed1a88776bbb30f9,10월 31일 업데이트 공지(10월 31일 공지 수정),2024-10-31T07:00:00+09:00,획득 기간: 2024년 10월 31일 서버 점검 종료 이후 ~ 2024년 11월 21일 4:59:59 (UTC+9)
511,2024-10-31T00:00:00+09:00,2024-10-31,1,special,official:80afaa1baf61ea487baaed1a88776bbb30f9,10월 31일 업데이트 공지(10월 31일 공지 수정),2024-10-31T07:00:00+09:00,*특수 모집 기간: 2024년 10월 31일 서버 점검 종료 이후 ~ 2024년 11월 21일 4:59:59 (UTC+9)
514,2024-11-07T05:00:00+09:00,2024-11-07,0,special,official:80afaa1baf61ea487baaed1a88776bbb30f9,10월 31일 업데이트 공지(10월 31일 공지 수정),2024-10-31T07:00:00+09:00,*특수 모집 기간: 2024년 11월 7일 5:00:00 ~ 2024년 11월 28일 4:59:59 (UTC+9)
411,2024-11-21T00:00:00+09:00,2024-11-21,1,special,official:dc1fb4e1a8cc7a40a1a94f3a205b06042222,11월 21일 업데이트 공지,2024-11-18T17:06:34+09:00,*특수 모집 기간: 2024년 11월 21일 서버 점검 종료 이후 ~ 2024년 12월 5일 4:59:59 (UTC+9)
183,2024-12-05T00:00:00+09:00,2024-12-05,1,limited,official:a5756065aaf44a4857aa7dbaa9d1d09062a0,12월 5일 업데이트 공지,2024-12-02T18:40:15+09:00,*기간 한정 모집 기간: 2024년 12월 5일 서버 점검 종료 이후 ~ 2024년 12월 26일 4:59:59 (UTC+9)
182,2024-12-12T05:00:00+09:00,2024-12-12,0,limited,official:a5756065aaf44a4857aa7dbaa9d1d09062a0,12월 5일 업데이트 공지,2024-12-02T18:40:15+09:00,*기간 한정 모집 기간: 2024년 12월 12일 5:00:00 ~ 2024년 12월 31일 23:59:59 (UTC+9)
016,2025-01-01T00:00:00+09:00,2025-01-01,0,special,official:2f124073acac3a4a8ba8f74a16075ccbe41e,12월 26일 업데이트 공지,2024-12-24T16:30:00+09:00,*특수 모집 기간: 2025년 1월 1일 0:00:00 ~ 2025년 1월 23일 4:59:59 (UTC+9)
290,2025-01-16T00:00:00+09:00,2025-01-16,1,special,official:eedcb138a33ada4acaab6dba41b905c9ecce,1월 16일 업데이트 공지,2025-01-13T17:30:00+09:00,*특수 모집 기간: 2025년 1월 16일 서버 점검 종료 이후 ~ 2025년 1월 30일 4:59:59 (UTC+9)
354,2025-01-30T12:00:00+09:00,2025-01-30,0,special,official:c32f2603a9cfda4410aaa90ac11019ac5f0a,1월 23일 업데이트 공지(1/24 내용 수정),2025-01-21T18:02:00+09:00,*특수 모집 기간: 2025년 1월 30일 12:00:00 ~ 2025년 2월 19일 23:59:59 (UTC+9)
355,2025-02-06T05:00:00+09:00,2025-02-06,0,special,official:c32f2603a9cfda4410aaa90ac11019ac5f0a,1월 23일 업데이트 공지(1/24 내용 수정),2025-01-21T18:02:00+09:00,*특수 모집 기간: 2025년 2월 6일 5:00:00 ~ 2025년 2월 27일 4:59:59 (UTC+9)
835,2025-02-20T00:00:00+09:00,2025-02-20,1,limited,official:4f3eb89fabf3ea4406a9e87a83a69a3bd5ab,2월 20일 업데이트 공지,2025-02-20T09:09:44+09:00,*기간 한정 모집 기간: 2025년 2월 20일 서버 점검 종료 이후 ~ 2025년 3월 13일 4:59:59 (UTC+9)
836,2025-02-20T00:00:00+09:00,2025-02-20,1,event_reward,official:4f3eb89fabf3ea4406a9e87a83a69a3bd5ab,2월 20일 업데이트 공지,2025-02-20T09:09:44+09:00,획득 기간: 2025년 2월 20일 서버 점검 종료 이후 ~ 2025년 3월 13일 4:59:59 (UTC+9)
834,2025-02-27T05:00:00+09:00,2025-02-27,0,limited,official:4f3eb89fabf3ea4406a9e87a83a69a3bd5ab,2월 20일 업데이트 공지,2025-02-20T09:09:44+09:00,*기간 한정 모집 기간: 2025년 2월 27일 5:00:00 ~ 2025년 3월 13일 4:59:59 (UTC+9)
412,2025-03-13T00:00:00+09:00,2025-03-13,1,special,official:63f930eea3380a494aaa482ae8488c57f3ac,3월 13일 업데이트 공지,2025-03-10T17:07:36+09:00,*특수 모집 기간: 2025년 3월 13일 서버 점검 종료 이후 ~ 2025년 3월 27일 4:59:59 (UTC+9)
520,2025-03-27T00:00:00+09:00,2025-03-27,1,special,official:1e8c3109ae3f7a489aa9bc5afae3a49d276e,3월 27일 업데이트 공지 (3월 31일 공지 수정),2025-03-24T17:01:00+09:00,*특수 모집 기간: 2025년 3월 27일 서버 점검 종료 이후 ~ 2025년 4월 10일 4:59:59 (UTC+9)
521,2025-04-10T00:00:00+09:00,2025-04-10,1,special,official:717943b8a9407a4847ab617add0fea8869dc,4월 10일 업데이트 공지 (4월 14일 수정),2025-04-07T17:01:16+09:00,*특수 모집 기간: 2025년 4월 10일 서버 점검 종료 이후 ~ 2025년 4월 23일 23:59:59 (UTC+9)
513,2025-04-24T00:00:00+09:00,2025-04-24,1,special,official:7c721e45a7dd0a493fa920dafc48037b2cb3,4월 24일 업데이트 공지,2025-04-21T19:00:00+09:00,*특수 모집 기간: 2025년 4월 24일 서버 점검 종료 이후 ~ 2025년 5월 15일 4:59:59 (UTC+9)
590,2025-04-24T00:00:00+09:00,2025-04-24,1,event_reward,official:7c721e45a7dd0a493fa920dafc48037b2cb3,4월 24일 업데이트 공지,2025-04-21T19:00:00+09:00,획득 기간: 2025년 4월 24일 서버 점검 종료 이후 ~ 2025년 5월 15일 4:59:59 (UTC+9)
162,2025-05-01T05:00:00+09:00,2025-05-01,0,special,official:7c721e45a7dd0a493fa920dafc48037b2cb3,4월 24일 업데이트 공지,2025-04-21T19:00:00+09:00,*특수 모집 기간: 2025년 5월 1일 5:00:00 ~ 2025년 5월 22일 4:59:59 (UTC+9)
581,2025-05-15T00:00:00+09:00,2025-05-15,1,special,official:ab620864a6ee2a4cc9aacd4aeb258bf27ae4,5월 15일 업데이트 공지,2025-05-12T17:37:38+09:00,*특수 모집 기간: 2025년 5월 15일 서버 점검 종료 이후 ~ 2025년 5월 29일 4:59:59 (UTC+9)
041,2025-05-29T00:00:00+09:00,2025-05-29,1,special,official:1c3775d0a3ef7a43c4a8e00af22e5e57d6e5,5월 29일 업데이트 공지,2025-05-26T17:00:00+09:00,*특수 모집 기간: 2025년 5월 29일 서버 점검 종료 이후 ~ 2025년 6월 11일 23:59:59 (UTC+9)
850,2025-06-12T00:00:00+09:00,2025-06-12,1,limited,official:07f3b6daa46f1a4c25aa04aafc00a7bd88d6,7월 3일 업데이트 공지 (7월 3일 공지 수정),2025-06-30T18:52:50+09:00,변경 한정 모집 기간: 2025년 6월 12일 서버 점검 종료 이후 ~ 2025년 7월 10일 4:59:59 (UTC+9)
852,2025-06-12T00:00:00+09:00,2025-06-12,1,event_reward,official:0f766029a6a7da44dda8a83a6d6898729154,6월 12일 업데이트 공지,2025-06-09T18:00:00+09:00,획득 기간: 2025년 6월 12일 서버 점검 종료 이후 ~ 2025년 7월 3일 4:59:59 (UTC+9)
851,2025-06-19T05:00:00+09:00,2025-06-19,0,limited,official:0f766029a6a7da44dda8a83a6d6898729154,6월 12일 업데이트 공지,2025-06-09T18:00:00+09:00,*기간 한정 모집 기간: 2025년 6월 19일 5:00:00 ~ 2025년 7월 10일 4:59:59 (UTC+9)
532,2025-07-03T00:00:00+09:00,2025-07-03,1,special,official:07f3b6daa46f1a4c25aa04aafc00a7bd88d6,7월 3일 업데이트 공지 (7월 3일 공지 수정),2025-06-30T18:52:50+09:00,*특수 모집 기간: 2025년 7월 3일 서버 점검 종료 이후 ~ 2025년 7월 17일 4:59:59 (UTC+9)
234,2025-07-17T00:00:00+09:00,2025-07-17,1,limited,official:e2e44a7fa2826a40cea953ea69d7d50798b4,7월 17일 업데이트 공지,2025-07-14T17:34:22+09:00,*기간 한정 모집 기간: 2025년 7월 17일 서버 점검 종료 이후 ~ 2025년 8월 7일 4:59:59 (UTC+9)
502,2025-07-24T05:00:00+09:00,2025-07-24,0,limited,official:e2e44a7fa2826a40cea953ea69d7d50798b4,7월 17일 업데이트 공지,2025-07-14T17:34:22+09:00,*기간 한정 모집 기간: 2025년 7월 24일 5:00:00 ~ 2025년 8월 14일 4:59:59 (UTC+9)
093,2025-08-07T00:00:00+09:00,2025-08-07,1,special,official:3f10ea29a2a50a49f4abb6aa87250731cd73,8월 7일 업데이트 공지,2025-08-04T17:57:34+09:00,*특수 모집 기간: 2025년 8월 7일 서버 점검 종료 이후 ~ 2025년 9월 4일 4:59:59 (UTC+9)
095,2025-08-14T05:00:00+09:00,2025-08-14,0,special,official:3f10ea29a2a50a49f4abb6aa87250731cd73,8월 7일 업데이트 공지,2025-08-04T17:57:34+09:00,*특수 모집 기간: 2025년 8월 14일 5:00:00 ~ 2025년 9월 4일 4:59:59 (UTC+9)
094,2025-08-21T05:00:00+09:00,2025-08-21,0,special,official:3f10ea29a2a50a49f4abb6aa87250731cd73,8월 7일 업데이트 공지,2025-08-04T17:57:34+09:00,*특수 모집 기간: 2025년 8월 21일 5:00:00 ~ 2025년 9월 11일 4:59:59 (UTC+9)
315,2025-09-04T00:00:00+09:00,2025-09-04,1,special,official:078bf3dfa8a30a43d0aa200adcce2633a1b0,9월 4일 업데이트 공지,2025-09-01T17:33:31+09:00,*특수 모집 기간: 2025년 9월 4일 서버 점검 종료 이후 ~ 2025년 9월 23일 23:59:59 (UTC+9)
143,2025-09-11T05:00:00+09:00,2025-09-11,0,special,official:078bf3dfa8a30a43d0aa200adcce2633a1b0,9월 4일 업데이트 공지,2025-09-01T17:33:31+09:00,*특수 모집 기간: 2025년 9월 11일 5:00:00 ~ 2025년 10월 2일 4:59:59 (UTC+9)
840,2025-09-24T00:00:00+09:00,2025-09-24,1,limited,official:23d41d37ad8aca45f3aabc8aaf06772b67bc,9월 24일 업데이트 공지,2025-09-24T10:30:50+09:00,*기간 한정 모집 기간: 2025년 9월 24일 서버 점검 종료 이후 ~ 2025년 10월 21일 23:59:59 (UTC+9)
842,2025-09-24T00:00:00+09:00,2025-09-24,1,event_reward,official:23d41d37ad8aca45f3aabc8aaf06772b67bc,9월 24일 업데이트 공지,2025-09-24T10:30:50+09:00,획득 기간: 2025년 9월 24일 서버 점검 종료 이후 ~ 2025년 10월 21일 23:59:59 (UTC+9)
841,2025-10-02T05:00:00+09:00,2025-10-02,0,limited,official:23d41d37ad8aca45f3aabc8aaf06772b67bc,9월 24일 업데이트 공지,2025-09-24T10:30:50+09:00,*기간 한정 모집 기간: 2025년 10월 2일 5:00:00 ~ 2025년 10월 21일 23:59:59 (UTC+9)
023,2025-10-16T00:00:00+09:00,2025-10-16,1,special,official:555a40b5aeb16a409fab8c0ab12bbe7e0c8a,10월 16일 업데이트 공지,2025-10-13T18:00:58+09:00,*특수 모집 기간: 2025년 10월 16일 서버 점검 종료 이후 ~ 2025년 10월 29일 23:59:59 (UTC+9)
223,2025-10-30T00:00:00+09:00,2025-10-30,1,special,official:c286e420af258a4705aa2eeaf6a46c9a46f7,10월 30일 업데이트 공지,2025-10-27T17:07:14+09:00,*특수 모집 기간: 2025년 10월 30일 서버 점검 종료 이후 ~ 2025년 11월 20일 4:59:59 (UTC+9)
331,2025-10-30T00:00:00+09:00,2025-10-30,1,event_reward,official:c286e420af258a4705aa2eeaf6a46c9a46f7,10월 30일 업데이트 공지,2025-10-27T17:07:14+09:00,*획득 기간: 2025년 10월 30일 서버 점검 종료 이후 ~ 2025년 11월 20일 4:59:59 (UTC+9)
262,2025-11-06T05:00:00+09:00,2025-11-06,0,special,official:c286e420af258a4705aa2eeaf6a46c9a46f7,10월 30일 업데이트 공지,2025-10-27T17:07:14+09:00,*특수 모집 기간: 2025년 11월 6일 5:00:00 ~ 2025년 11월 27일 4:59:59 (UTC+9)
074,2025-11-20T00:00:00+09:00,2025-11-20,1,special,official:66c30e43a939ba4b95a9489aa2abde60a079,11월 20일 업데이트 공지,2025-11-17T17:42:37+09:00,*특수 모집 기간: 2025년 11월 20일 서버 점검 종료 이후 ~ 2025년 12월 4일 4:59:59 (UTC+9)
075,2025-12-04T00:00:00+09:00,2025-12-04,1,limited,official:46bb619aa85c7a4112aadc0a428a23412af6,12월 4일 업데이트 공지,2025-12-01T17:00:00+09:00,*기간 한정 모집 기간: 2025년 12월 4일 서버 점검 종료 이후 ~ 2025년 12월 25일 4:59:59 (UTC+9)
073,2025-12-11T05:00:00+09:00,2025-12-11,0,limited,official:46bb619aa85c7a4112aadc0a428a23412af6,12월 4일 업데이트 공지,2025-12-01T17:00:00+09:00,*기간 한정 모집 기간: 2025년 12월 11일 5:00:00 ~ 2025년 12월 31일 23:59:59 (UTC+9)
471,2026-01-01T00:00:00+09:00,2026-01-01,0,special,official:45eb4bb3a469ba4d02a8204a481245355c70,12월 30일 업데이트 공지,2025-12-29T20:33:40+09:00,*특수 모집 기간: 2026년 1월 1일 00:00:00 ~ 2026년 1월 22일 4:59:59 (UTC+9)
582,2026-01-15T00:00:00+09:00,2026-01-15,1,special,official:f293a5bba0f0da4e6baaafba57a8d3703bd6,1월 15일 업데이트 공지 (1월 24일 공지 수정),2026-01-12T17:04:04+09:00,*특수 모집 기간: 2026년 1월 15일 서버 점검 종료 이후 ~ 2026년 1월 29일 4:59:59 (UTC+9)
316,2026-01-29T00:00:00+09:00,2026-01-29,1,special,official:2637ff0aae74ca4d44aa3f6a840fbf82d170,1월 29일 업데이트 공지(2월 3일 공지 수정),2026-01-26T17:05:20+09:00,*특수 모집 기간: 2026년 1월 29일 서버 점검 종료 이후 ~ 2026년 2월 11일 23:59:59 (UTC+9)
860,2026-02-12T00:00:00+09:00,2026-02-12,1,limited,official:1c0f35a1a8293a4274a9681a35cde3feca74,2월 12일 업데이트 공지,2026-02-09T17:21:46+09:00,*기간 한정 모집 기간: 2026년 2월 12일 서버 점검 종료 이후 ~ 2026년 3월 12일 4:59:59 (UTC+9)
862,2026-02-12T00:00:00+09:00,2026-02-12,1,event_reward,official:1c0f35a1a8293a4274a9681a35cde3feca74,2월 12일 업데이트 공지,2026-02-09T17:21:46+09:00,획득 기간: 2026년 2월 12일 서버 점검 종료 이후 ~ 2026년 3월 12일 4:59:59 (UTC+9)
861,2026-02-19T05:00:00+09:00,2026-02-19,0,limited,official:1c0f35a1a8293a4274a9681a35cde3feca74,2월 12일 업데이트 공지,2026-02-09T17:21:46+09:00,*기간 한정 모집 기간: 2026년 2월 19일 5:00:00 ~ 2026년 3월 12일 4:59:59 (UTC+9)
113,2026-03-05T00:00:00+09:00,2026-03-05,1,special,official:00ec7b7cac63aa4daea8147a8c619f409f4a,3월 5일 업데이트 공지,2026-03-05T14:58:23+09:00,*특수 모집 기간: 2026년 3월 5일 서버 점검 종료 이후 ~ 2026년 3월 19일 4:59:59 (UTC+9)
583,2026-03-19T00:00:00+09:00,2026-03-19,1,special,official:8fb3f260a6b8fa4b9da826aa73f5a2bd47ac,3월 19일 업데이트 공지,2026-03-16T17:00:27+09:00,*특수 모집 기간: 2026년 3월 19일 서버 점검 종료 이후 ~ 2026년 4월 9일 4:59:59 (UTC+9)
620,2026-04-09T00:00:00+09:00,2026-04-09,1,special,official:5098dfcba9fe6a4335aaf57ac40a02410283,4월 9일 업데이트 공지,2026-04-06T17:00:00+09:00,*특수 모집 기간: 2026년 4월 9일 서버 점검 종료 이후 ~ 2026년 4월 22일 23:59:59 (UTC+9)
017,2026-04-23T00:00:00+09:00,2026-04-23,1,special,official:1ae75158a5bb8a49a6a874dac55ebe5859e5,4월 23일 업데이트 공지,2026-04-20T17:03:55+09:00,*특수 모집 기간: 2026년 4월 23일 서버 점검 종료 이후 ~ 2026년 5월 14일 4:59:59 (UTC+9)
441,2026-04-23T00:00:00+09:00,2026-04-23,1,event_reward,official:1ae75158a5bb8a49a6a874dac55ebe5859e5,4월 23일 업데이트 공지,2026-04-20T17:03:55+09:00,*획득 기간: 2026년 4월 23일 서버 점검 종료 이후 ~ 2026년 5월 14일 4:59:59 (UTC+9)
018,2026-04-30T05:00:00+09:00,2026-04-30,0,special,official:1ae75158a5bb8a49a6a874dac55ebe5859e5,4월 23일 업데이트 공지,2026-04-20T17:03:55+09:00,*특수 모집 기간: 2026년 4월 30일 5:00:00 ~ 2026년 5월 21일 4:59:59 (UTC+9)
600,2026-05-14T00:00:00+09:00,2026-05-14,1,special,official:36e3677eafb0ea44cfaac6badccd8bcf21e3,5월 14일 업데이트 공지,2026-05-11T17:04:26+09:00,*특수 모집 기간: 2026년 5월 14일 서버 점검 종료 이후 ~ 2026년 6월 4일 4:59:59 (UTC+9)
601,2026-05-28T00:00:00+09:00,2026-05-28,1,special,official:0675c61fa2f66a46f8abd1fad3d962209b5c,5월 28일 업데이트 공지,2026-05-25T16:59:00+09:00,*특수 모집 기간: 2026년 5월 28일 서버 점검 종료 이후 ~ 2026년 6월 11일 4:59:59 (UTC+9)
570,2026-06-11T00:00:00+09:00,2026-06-11,1,special,official:49aa55e2aba26a4955aa281a3c90a844bc53,6월 11일 업데이트 공지,2026-06-08T18:56:33+09:00,*특수 모집 기간: 2026년 6월 11일 서버 점검 종료 이후 ~ 2026년 7월 2일 4:59:59 (UTC+9)
515,2026-07-02T00:00:00+09:00,2026-07-02,1,limited,official:29f47298ad9d3a4a91a8438ac563bc29b89c,7월 2일 업데이트 공지,2026-06-29T19:15:13+09:00,*기간 한정 모집 기간: 2026년 7월 2일 서버 점검 종료 이후 ~ 2026년 7월 23일 4:59:59 (UTC+9)
322,2026-07-09T05:00:00+09:00,2026-07-09,0,limited,official:29f47298ad9d3a4a91a8438ac563bc29b89c,7월 2일 업데이트 공지,2026-06-29T19:15:13+09:00,*기간 한정 모집 기간: 2026년 7월 9일 5:00:00 ~ 2026년 7월 30일 4:59:59 (UTC+9)
103,2026-07-23T00:00:00+09:00,2026-07-23,1,special,official:b263470ea4c71a4dddab742ada3f9e7e615d,7월 23일 업데이트 공지,2026-07-20T17:03:12+09:00,*특수 모집 기간: 2026년 7월 23일 서버 점검 종료 이후 ~ 2026년 8월 12일 23:59:59 (UTC+9)
105,2026-07-30T05:00:00+09:00,2026-07-30,0,special,official:b263470ea4c71a4dddab742ada3f9e7e615d,7월 23일 업데이트 공지,2026-07-20T17:03:12+09:00,*특수 모집 기간: 2026년 7월 30일 5:00:00 ~ 2026년 8월 20일 4:59:59 (UTC+9)
870,2026-08-13T00:00:00+09:00,2026-08-13,1,limited,official:8da875aaa35f6a4711a8d15a4900fd0f88eb,8월 13일 업데이트 공지(8월 20일 공지 수정),2026-08-10T17:01:01+09:00,*기간 한정 모집 기간: 2026년 8월 13일 서버 점검 종료 이후 ~ 2026년 9월 10일 4:59:59 (UTC+9)
872,2026-08-13T00:00:00+09:00,2026-08-13,1,event_reward,official:8da875aaa35f6a4711a8d15a4900fd0f88eb,8월 13일 업데이트 공지(8월 20일 공지 수정),2026-08-10T17:01:01+09:00,획득 기간: 2026년 8월 13일 서버 점검 종료 이후 ~ 2026년 9월 10일 4:59:59 (UTC+9)
871,2026-08-20T05:00:00+09:00,2026-08-20,0,limited,official:8da875aaa35f6a4711a8d15a4900fd0f88eb,8월 13일 업데이트 공지(8월 20일 공지 수정),2026-08-10T17:01:01+09:00,*기간 한정 모집 기간: 2026년 8월 20일 5:00:00 ~ 2026년 9월 10일 4:59:59 (UTC+9)
104,2026-09-03T00:00:00+09:00,2026-09-03,1,special,official:7bbad16da7596a49e7a9a78a598da9a37fcb,9월 3일 업데이트 공지,2026-08-31T17:00:38+09:00,*특수 모집 기간: 2026년 9월 3일 서버 점검 종료 이후 ~ 2026년 9월 17일 4:59:59 (UTC+9)
404,2026-09-17T00:00:00+09:00,2026-09-17,1,special,official:656cdf7eaf40ea45f3a8e32ae94bf25093a4,9월 17일 업데이트 공지,2026-09-14T18:00:43+09:00,*특수 모집 기간: 2026년 9월 17일 서버 점검 종료 이후 ~ 2026년 10월 8일 4:59:59 (UTC+9)
405,2026-09-24T05:00:00+09:00,2026-09-24,0,special,official:656cdf7eaf40ea45f3a8e32ae94bf25093a4,9월 17일 업데이트 공지,2026-09-14T18:00:43+09:00,*특수 모집 기간: 2026년 9월 24일 5:00:00 ~ 2026년 10월 15일 4:59:59 (UTC+9)
063,2026-10-08T00:00:00+09:00,2026-10-08,1,special,official:b67197d4ae491a4b47aa60ea65677b6cd8eb,10월 8일 업데이트 공지(10/8 공지 수정),2026-10-05T17:00:00+09:00,*특수 모집 기간: 2026년 10월 8일 서버 점검 종료 이후 ~ 2026년 10월 28일 23:59:59 (UTC+9)
