boss_en,boss_ko,reason
Mother Whale,마더 웨일,"공지: 솔로 레이드 뮤지엄 전투 중 ... 마더 웨일이 소환하는 몬스터"
Black Smith,블랙스미스,"공지: 솔로 레이드 뮤지엄의 블랙스미스와 전투 중"
Harvester,하베스터,"공지: 솔로 레이드 뮤지엄 - 하베스터의 몬스터 정보"
Alteisen,알트아이젠,"공지: [알트아이젠], [모더니아], [스톰 브링어] 총 3종의 보스"
Modernia,모더니아,"공지: [알트아이젠], [모더니아], [스톰 브링어] 총 3종의 보스"
Ultra,울트라,"공지: 울트라와 전투 중 일시정지 화면에서"
Chatterbox,채터박스,"초안: 공지에서 확인 못함 (음역)"
Material H,마테리얼 H,"초안: 공지에서 확인 못함 (공지의 '홀로그램 마테리얼' 표기를 따름)"
Crystal Chamber,크리스탈 체임버,"공지: 새로운 보스인 <크리스탈 체임버>"
Storm Bringer,스톰 브링어,"공지: 보스 [스톰 브링어]"
Nihilister,니힐리스타,"공지: 보스 [니힐리스타]"
Indivilia,인디빌리아,"공지: 울트라와 인디빌리아 등 ... 보스"
Grave Digger,그레이브 디거,"공지: BOSS [그레이브 디거]"
Golden Kraken,황금 크라켄,"공지: 보스 [황금 크라켄]"
Mirror Container,미러 컨테이너,"공지: 미러 컨테이너가 등장하는 전투 화면"
Massive Object,매시브 오브젝트,"초안: 공지에서 확인 못함 (음역)"
Land Eater,랜드 이터,"공지: 보스 [랜드 이터]"
Behemoth,베히모스,"공지: 베히모스의 특정 스킬이"
White Ice Dragon,백빙룡,"공지: 악의 화신 백빙룡"
Massive Object Q,매시브 오브젝트 Q,"초안: 공지에서 확인 못함 (음역)"
Black Snake,블랙 스네이크,"초안: 공지에서 확인 못함 (음역)"
Gluttony,글러트니,"초안: 공지에서 확인 못함 (음역)"
Providence,프로비던스,"초안: 공지에서 확인 못함 (음역)"
Hologram Kraken,홀로그램 크라켄,"초안: 공지에서 확인 못함 (음역)"
Ziz,지즈,"공지: 보스 [지즈]"
The Merciless Judge,차가운 심판자,"공지: 솔로 레이드 - 차가운 심판자 관련 안내"
Queen 001,퀸 001,"초안: 공지에서 확인 못함 (음역)"
Only One,온리 원,"공지: 온리 원과의 전투 중"
Altruia,알트루이아,"초안: 공지에서 확인 못함 (음역)"
Egovista,에고비스타,"초안: 공지에서 확인 못함 (음역)"
Annihilio,애니힐리오,"공지: 이번 애니힐리오 솔로 레이드"
Island Eater,아일랜드 이터,"초안: 공지에서 확인 못함 (음역)"
Luxurious Spider,사치스러운 거미,"공지: 솔로 레이드 - 사치스러운 거미 비정상 데이터 처리"
Liberalio Body,리버렐리오 바디,"공지: 솔로 레이드 시즌 41 - 리버렐리오 바디"
